img_names,label_names
ACM-109_Top_jpg.rf.23063b38dda7162450d6948fae865e0a.jpg,ACM-109_Top_jpg.rf.23063b38dda7162450d6948fae865e0a.txt
ACM-109_Top_jpg.rf.339cb65b8e5752a3c14842909efb8b83.jpg,ACM-109_Top_jpg.rf.339cb65b8e5752a3c14842909efb8b83.txt
ACM-109_Top_jpg.rf.35b7f6bc730553447fecb6b7bea9c295.jpg,ACM-109_Top_jpg.rf.35b7f6bc730553447fecb6b7bea9c295.txt
ACM-109_Top_jpg.rf.48c1cd56e95e01032bc135b98dcddcf2.jpg,ACM-109_Top_jpg.rf.48c1cd56e95e01032bc135b98dcddcf2.txt
ACM-109_Top_jpg.rf.6f18b3e5e637270bb1ac021e998ffbb7.jpg,ACM-109_Top_jpg.rf.6f18b3e5e637270bb1ac021e998ffbb7.txt
ACM-109_Top_jpg.rf.cc2da6b268f228b61498a27f62338814.jpg,ACM-109_Top_jpg.rf.cc2da6b268f228b61498a27f62338814.txt
ATTIOT_Bottom_jpg.rf.3519eef223f5a78f631c6c91424873b8.jpg,ATTIOT_Bottom_jpg.rf.3519eef223f5a78f631c6c91424873b8.txt
ATTIOT_Bottom_jpg.rf.567befa27716e13c3d1272c72c534c90.jpg,ATTIOT_Bottom_jpg.rf.567befa27716e13c3d1272c72c534c90.txt
ATTIOT_Bottom_jpg.rf.a9c23b1fcf6212fc9b284ec762edff36.jpg,ATTIOT_Bottom_jpg.rf.a9c23b1fcf6212fc9b284ec762edff36.txt
ATTIOT_Top_JPG.rf.0e47448497e50216eed39e9a4cb3ab17.jpg,ATTIOT_Top_JPG.rf.0e47448497e50216eed39e9a4cb3ab17.txt
ATTIOT_Top_JPG.rf.79a9b2e18336ebeec093bffdc5346de5.jpg,ATTIOT_Top_JPG.rf.79a9b2e18336ebeec093bffdc5346de5.txt
ATTIOT_Top_JPG.rf.adc221d9e69f77adb05c3cfd71aa4bc9.jpg,ATTIOT_Top_JPG.rf.adc221d9e69f77adb05c3cfd71aa4bc9.txt
ArduinoMega_Top_jpg.rf.0b10b98bc9371f0aa8c7d582f43aacb5.jpg,ArduinoMega_Top_jpg.rf.0b10b98bc9371f0aa8c7d582f43aacb5.txt
ArduinoMega_Top_jpg.rf.60c32b99254e73793979b17d28b1dd49.jpg,ArduinoMega_Top_jpg.rf.60c32b99254e73793979b17d28b1dd49.txt
ArduinoMega_Top_jpg.rf.6c032afe16d23ff1f91867e316b85a7c.jpg,ArduinoMega_Top_jpg.rf.6c032afe16d23ff1f91867e316b85a7c.txt
Arty_Bottom_jpg.rf.0d0f585d52179d7081585512cd497846.jpg,Arty_Bottom_jpg.rf.0d0f585d52179d7081585512cd497846.txt
Arty_Bottom_jpg.rf.57506e1a5a125242c4e61ab07912c186.jpg,Arty_Bottom_jpg.rf.57506e1a5a125242c4e61ab07912c186.txt
Arty_Bottom_jpg.rf.5989b38be4a17cbe47dc0d431884b4c4.jpg,Arty_Bottom_jpg.rf.5989b38be4a17cbe47dc0d431884b4c4.txt
Arty_Bottom_jpg.rf.74f0fda7a7a0ad03bd97175f693d0e23.jpg,Arty_Bottom_jpg.rf.74f0fda7a7a0ad03bd97175f693d0e23.txt
Arty_Bottom_jpg.rf.b4f6314c6441ea0c318cd10d16dc470b.jpg,Arty_Bottom_jpg.rf.b4f6314c6441ea0c318cd10d16dc470b.txt
Arty_Bottom_jpg.rf.e229dcd71df77e84edba2227aeb97efd.jpg,Arty_Bottom_jpg.rf.e229dcd71df77e84edba2227aeb97efd.txt
Arty_Top_jpg.rf.224203d3fb799d5b93795a8a48494979.jpg,Arty_Top_jpg.rf.224203d3fb799d5b93795a8a48494979.txt
Arty_Top_jpg.rf.eb1086b401019e3770aa8bb08ac81030.jpg,Arty_Top_jpg.rf.eb1086b401019e3770aa8bb08ac81030.txt
Arty_Top_jpg.rf.ee20868dcb92a017a5600cdb014dd0fa.jpg,Arty_Top_jpg.rf.ee20868dcb92a017a5600cdb014dd0fa.txt
DuetWIFI_Bottom_jpg.rf.5120b0c7caef62ef80743b3e92fade82.jpg,DuetWIFI_Bottom_jpg.rf.5120b0c7caef62ef80743b3e92fade82.txt
DuetWIFI_Bottom_jpg.rf.753a16d7c0854ebec891b65ad8c76841.jpg,DuetWIFI_Bottom_jpg.rf.753a16d7c0854ebec891b65ad8c76841.txt
DuetWIFI_Bottom_jpg.rf.a50d0a6bb95b37afbdd6fb44cc4f34d1.jpg,DuetWIFI_Bottom_jpg.rf.a50d0a6bb95b37afbdd6fb44cc4f34d1.txt
DuetWIFI_Top_jpg.rf.16f33b0a8a68754e3a06c8d054e7eb7e.jpg,DuetWIFI_Top_jpg.rf.16f33b0a8a68754e3a06c8d054e7eb7e.txt
DuetWIFI_Top_jpg.rf.b8e9b9b81cfac9e0a10d86dbc175dcf1.jpg,DuetWIFI_Top_jpg.rf.b8e9b9b81cfac9e0a10d86dbc175dcf1.txt
DuetWIFI_Top_jpg.rf.fb9f52efe3758ce4d0594471c5808c46.jpg,DuetWIFI_Top_jpg.rf.fb9f52efe3758ce4d0594471c5808c46.txt
EDA-008_Bottom_jpg.rf.60d47920dcb426eb44d841d8e293a410.jpg,EDA-008_Bottom_jpg.rf.60d47920dcb426eb44d841d8e293a410.txt
EDA-008_Bottom_jpg.rf.65c810e049f02373e28e2a8c5cfeaa60.jpg,EDA-008_Bottom_jpg.rf.65c810e049f02373e28e2a8c5cfeaa60.txt
EDA-008_Bottom_jpg.rf.8e1820eea49abae904b5b058ab57ab86.jpg,EDA-008_Bottom_jpg.rf.8e1820eea49abae904b5b058ab57ab86.txt
EDA-008_Top_jpg.rf.0444e4657f5537151e890a184e5a6df7.jpg,EDA-008_Top_jpg.rf.0444e4657f5537151e890a184e5a6df7.txt
EDA-008_Top_jpg.rf.aa9ad181cd6ee36e2454cb0dcdf13faa.jpg,EDA-008_Top_jpg.rf.aa9ad181cd6ee36e2454cb0dcdf13faa.txt
EDA-008_Top_jpg.rf.d67a85d2745137ed03a12a94b866b810.jpg,EDA-008_Top_jpg.rf.d67a85d2745137ed03a12a94b866b810.txt
HackRF_JPG.rf.0a339ef104c136ae9709dd3327dd3122.jpg,HackRF_JPG.rf.0a339ef104c136ae9709dd3327dd3122.txt
HackRF_JPG.rf.2e1751d283b7a6d874b078980a72ca21.jpg,HackRF_JPG.rf.2e1751d283b7a6d874b078980a72ca21.txt
HackRF_JPG.rf.b51df54628e93da1b3bc4e8966cf5e21.jpg,HackRF_JPG.rf.b51df54628e93da1b3bc4e8966cf5e21.txt
ML365_Bottom_jpg.rf.65af954e886a6f24d162918ebce6cfb3.jpg,ML365_Bottom_jpg.rf.65af954e886a6f24d162918ebce6cfb3.txt
ML365_Bottom_jpg.rf.9dede1a15ef0615ffdb2b2afaffd1a2b.jpg,ML365_Bottom_jpg.rf.9dede1a15ef0615ffdb2b2afaffd1a2b.txt
ML365_Bottom_jpg.rf.fec69f3dcd60afa0e66651f8787fcfc1.jpg,ML365_Bottom_jpg.rf.fec69f3dcd60afa0e66651f8787fcfc1.txt
ML365_Top_jpg.rf.088a276d0969f136f8d091dd6bb6efc9.jpg,ML365_Top_jpg.rf.088a276d0969f136f8d091dd6bb6efc9.txt
ML365_Top_jpg.rf.52cd633bb59a42e2202abe759d7790d3.jpg,ML365_Top_jpg.rf.52cd633bb59a42e2202abe759d7790d3.txt
ML365_Top_jpg.rf.6b52635ed5d15d07c7baf8edd75f3516.jpg,ML365_Top_jpg.rf.6b52635ed5d15d07c7baf8edd75f3516.txt
ML450_Bottom1_jpg.rf.33dadbf0dba64e4928f23a1a61401685.jpg,ML450_Bottom1_jpg.rf.33dadbf0dba64e4928f23a1a61401685.txt
ML450_Bottom1_jpg.rf.64fdba0a4d10d19bb3902852041bc04a.jpg,ML450_Bottom1_jpg.rf.64fdba0a4d10d19bb3902852041bc04a.txt
ML450_Bottom1_jpg.rf.ce518a20452f3b3d6c6a6a000100fb96.jpg,ML450_Bottom1_jpg.rf.ce518a20452f3b3d6c6a6a000100fb96.txt
ML450_Top1_jpg.rf.08b8b3ffd74e9aa695781203710418f0.jpg,ML450_Top1_jpg.rf.08b8b3ffd74e9aa695781203710418f0.txt
ML450_Top1_jpg.rf.754351a6c5c0933bc0fd9159c2db1fcb.jpg,ML450_Top1_jpg.rf.754351a6c5c0933bc0fd9159c2db1fcb.txt
ML450_Top1_jpg.rf.8cf592bb0cf72c87650e01e66e7856b1.jpg,ML450_Top1_jpg.rf.8cf592bb0cf72c87650e01e66e7856b1.txt
MicroZed_Bottom_jpg.rf.1f911c6cdbb506caddd040b96e03a2cf.jpg,MicroZed_Bottom_jpg.rf.1f911c6cdbb506caddd040b96e03a2cf.txt
MicroZed_Bottom_jpg.rf.93a0b6e178e4e00006e21e35f38bff2e.jpg,MicroZed_Bottom_jpg.rf.93a0b6e178e4e00006e21e35f38bff2e.txt
MicroZed_Bottom_jpg.rf.deaf5798556abc984edab52b296802e3.jpg,MicroZed_Bottom_jpg.rf.deaf5798556abc984edab52b296802e3.txt
MicroZed_Top_jpg.rf.5f5d2db5ff4a780fe316729ea28709bd.jpg,MicroZed_Top_jpg.rf.5f5d2db5ff4a780fe316729ea28709bd.txt
MicroZed_Top_jpg.rf.a78ee7165d7be8cbca7c17292ea3e9a1.jpg,MicroZed_Top_jpg.rf.a78ee7165d7be8cbca7c17292ea3e9a1.txt
MicroZed_Top_jpg.rf.e00e17365ba229c24fc1ab18778b4bdd.jpg,MicroZed_Top_jpg.rf.e00e17365ba229c24fc1ab18778b4bdd.txt
OlimexRed_jpg.rf.81ad84a9380f87b40899d9da25b12c21.jpg,OlimexRed_jpg.rf.81ad84a9380f87b40899d9da25b12c21.txt
OlimexRed_jpg.rf.a372dece6bf690b4e0c705f51f6a12c8.jpg,OlimexRed_jpg.rf.a372dece6bf690b4e0c705f51f6a12c8.txt
OlimexRed_jpg.rf.e99cb5b61672ceecd44e95902bc0ac8a.jpg,OlimexRed_jpg.rf.e99cb5b61672ceecd44e95902bc0ac8a.txt
PCBA_111_jpg.rf.11e03c395a60b5b8c2c747272d20bf08.jpg,PCBA_111_jpg.rf.11e03c395a60b5b8c2c747272d20bf08.txt
PCBA_111_jpg.rf.7570909426b975ed75489310337ade96.jpg,PCBA_111_jpg.rf.7570909426b975ed75489310337ade96.txt
PCBA_111_jpg.rf.9cefcac5a81ab138b7f48ed85968c572.jpg,PCBA_111_jpg.rf.9cefcac5a81ab138b7f48ed85968c572.txt
PCBA_120_png.rf.0cd5957bd53f4841f87cf4e3e324ed91.jpg,PCBA_120_png.rf.0cd5957bd53f4841f87cf4e3e324ed91.txt
PCBA_120_png.rf.ca6a8e607ae1c13e8a9b198e7a5a9793.jpg,PCBA_120_png.rf.ca6a8e607ae1c13e8a9b198e7a5a9793.txt
PCBA_120_png.rf.eb3d8dc13b0bc6ed941c8c7dc28a302e.jpg,PCBA_120_png.rf.eb3d8dc13b0bc6ed941c8c7dc28a302e.txt
PCBA_121_jpg.rf.04747c18ce45eb27904bf28a7c4361dc.jpg,PCBA_121_jpg.rf.04747c18ce45eb27904bf28a7c4361dc.txt
PCBA_121_jpg.rf.2c4529a3797dd24bcb9a9f77f4f63f09.jpg,PCBA_121_jpg.rf.2c4529a3797dd24bcb9a9f77f4f63f09.txt
PCBA_121_jpg.rf.c273d2bd34d6aa6f65f411e6a206c424.jpg,PCBA_121_jpg.rf.c273d2bd34d6aa6f65f411e6a206c424.txt
PCBA_122_jpg.rf.a0d1a92f239f95eb0b3f5e476b781c3b.jpg,PCBA_122_jpg.rf.a0d1a92f239f95eb0b3f5e476b781c3b.txt
PCBA_122_jpg.rf.a2e9e51bde73e8b2c031a5a7dfb9b6e0.jpg,PCBA_122_jpg.rf.a2e9e51bde73e8b2c031a5a7dfb9b6e0.txt
PCBA_122_jpg.rf.a6ad1b05c0aaa718fa0f4fa89d076c0c.jpg,PCBA_122_jpg.rf.a6ad1b05c0aaa718fa0f4fa89d076c0c.txt
PCBA_124_jpg.rf.1582a6bc4f1752f69467d798b96655ea.jpg,PCBA_124_jpg.rf.1582a6bc4f1752f69467d798b96655ea.txt
PCBA_124_jpg.rf.45502ebed723db0ed896c56daf5742a6.jpg,PCBA_124_jpg.rf.45502ebed723db0ed896c56daf5742a6.txt
PCBA_124_jpg.rf.fa0b88325436a249c8e2c06c5621790e.jpg,PCBA_124_jpg.rf.fa0b88325436a249c8e2c06c5621790e.txt
PCBA_125_jpg.rf.4c48d55bda0b2e7cb7b3f2ac36a126e3.jpg,PCBA_125_jpg.rf.4c48d55bda0b2e7cb7b3f2ac36a126e3.txt
PCBA_125_jpg.rf.4cbb6ba665d9d58c0a885e9cb26022d0.jpg,PCBA_125_jpg.rf.4cbb6ba665d9d58c0a885e9cb26022d0.txt
PCBA_125_jpg.rf.66bb75c03b2df56deb79abe97006a8ae.jpg,PCBA_125_jpg.rf.66bb75c03b2df56deb79abe97006a8ae.txt
PCBA_130_jpg.rf.2cd85c160d84d3b7be4902b27941f3ee.jpg,PCBA_130_jpg.rf.2cd85c160d84d3b7be4902b27941f3ee.txt
PCBA_130_jpg.rf.5b14e1106c41f20553e4e9b80ad183db.jpg,PCBA_130_jpg.rf.5b14e1106c41f20553e4e9b80ad183db.txt
PCBA_130_jpg.rf.d8227bba807974b21678d71a75561f94.jpg,PCBA_130_jpg.rf.d8227bba807974b21678d71a75561f94.txt
PCBA_131_jpg.rf.00ec836a0380aadcffbcb766d96f9828.jpg,PCBA_131_jpg.rf.00ec836a0380aadcffbcb766d96f9828.txt
PCBA_131_jpg.rf.3acb82fabe9fa4a965a03e9175a93161.jpg,PCBA_131_jpg.rf.3acb82fabe9fa4a965a03e9175a93161.txt
PCBA_131_jpg.rf.3dadbc725ea2c0e92ee034e7ba5bd618.jpg,PCBA_131_jpg.rf.3dadbc725ea2c0e92ee034e7ba5bd618.txt
PCBA_132_jpg.rf.2adfb7c02a3a0c006bc8e4e0fdbadf9b.jpg,PCBA_132_jpg.rf.2adfb7c02a3a0c006bc8e4e0fdbadf9b.txt
PCBA_132_jpg.rf.6415f169b96df02fe75833463531fb3c.jpg,PCBA_132_jpg.rf.6415f169b96df02fe75833463531fb3c.txt
PCBA_132_jpg.rf.e1ed3100ae89d965fa523ef8e3de8abd.jpg,PCBA_132_jpg.rf.e1ed3100ae89d965fa523ef8e3de8abd.txt
PCBA_134_jpg.rf.165ba2f252761de14c3a38743064a66c.jpg,PCBA_134_jpg.rf.165ba2f252761de14c3a38743064a66c.txt
PCBA_134_jpg.rf.81d1ef38c988a67d4a887b54e0d3f6fa.jpg,PCBA_134_jpg.rf.81d1ef38c988a67d4a887b54e0d3f6fa.txt
PCBA_134_jpg.rf.b82666621718b1f09176464df2523a2f.jpg,PCBA_134_jpg.rf.b82666621718b1f09176464df2523a2f.txt
PCBA_137_jpg.rf.0f387baa99699641438ffff25363572e.jpg,PCBA_137_jpg.rf.0f387baa99699641438ffff25363572e.txt
PCBA_137_jpg.rf.ba8ff583796fbb4b0991dfd0104d8a21.jpg,PCBA_137_jpg.rf.ba8ff583796fbb4b0991dfd0104d8a21.txt
PCBA_137_jpg.rf.c5a8704d933bc4a2dec29b6b7aff0851.jpg,PCBA_137_jpg.rf.c5a8704d933bc4a2dec29b6b7aff0851.txt
PCBA_138_jpg.rf.298ad288708f0c2ae817c796422446af.jpg,PCBA_138_jpg.rf.298ad288708f0c2ae817c796422446af.txt
PCBA_138_jpg.rf.5cbbd7ca415d9b7d1978b3e8d3e87269.jpg,PCBA_138_jpg.rf.5cbbd7ca415d9b7d1978b3e8d3e87269.txt
PCBA_138_jpg.rf.9787f151b0a72464ee7b3fa4d94df1e8.jpg,PCBA_138_jpg.rf.9787f151b0a72464ee7b3fa4d94df1e8.txt
PCBA_139_jpg.rf.1a0dfe47b3f54fb449332951294fffaf.jpg,PCBA_139_jpg.rf.1a0dfe47b3f54fb449332951294fffaf.txt
PCBA_139_jpg.rf.77a7312495d739c9525b638aee332451.jpg,PCBA_139_jpg.rf.77a7312495d739c9525b638aee332451.txt
PCBA_139_jpg.rf.9c4c60f7ad5d9131e235ceea09770a0e.jpg,PCBA_139_jpg.rf.9c4c60f7ad5d9131e235ceea09770a0e.txt
PCBA_140_jpg.rf.2fc3e47093b6a3cba47c6303da2ea40a.jpg,PCBA_140_jpg.rf.2fc3e47093b6a3cba47c6303da2ea40a.txt
PCBA_140_jpg.rf.445a65b2192b44a7bfc22feae715c1c1.jpg,PCBA_140_jpg.rf.445a65b2192b44a7bfc22feae715c1c1.txt
PCBA_140_jpg.rf.ad369792a67ae08882f6b4c4c2b34c05.jpg,PCBA_140_jpg.rf.ad369792a67ae08882f6b4c4c2b34c05.txt
PCBA_142_jpg.rf.921f579c27bcd6c6429f49baf9aae2c1.jpg,PCBA_142_jpg.rf.921f579c27bcd6c6429f49baf9aae2c1.txt
PCBA_142_jpg.rf.97e83e3f1e946c4db3cec6532d66fa33.jpg,PCBA_142_jpg.rf.97e83e3f1e946c4db3cec6532d66fa33.txt
PCBA_142_jpg.rf.f4b48042e7a3e4213afe2354dfdb7106.jpg,PCBA_142_jpg.rf.f4b48042e7a3e4213afe2354dfdb7106.txt
PCBA_144_jpg.rf.0dcc3574762bc5a07c35e371e57188f2.jpg,PCBA_144_jpg.rf.0dcc3574762bc5a07c35e371e57188f2.txt
PCBA_144_jpg.rf.75b4d2aa38ca2f09a1461eeffa7002f0.jpg,PCBA_144_jpg.rf.75b4d2aa38ca2f09a1461eeffa7002f0.txt
PCBA_144_jpg.rf.faff69dc01af85033a919bbf4bde5c30.jpg,PCBA_144_jpg.rf.faff69dc01af85033a919bbf4bde5c30.txt
PCBA_146_jpg.rf.1396ebf499836a084f9681af508e27ea.jpg,PCBA_146_jpg.rf.1396ebf499836a084f9681af508e27ea.txt
PCBA_146_jpg.rf.5676fc71e723d347255143736fa7f485.jpg,PCBA_146_jpg.rf.5676fc71e723d347255143736fa7f485.txt
PCBA_146_jpg.rf.fa08680cc25b2d90577e86cc765a214b.jpg,PCBA_146_jpg.rf.fa08680cc25b2d90577e86cc765a214b.txt
PCBA_147_jpg.rf.0de5f3aff794cb7e401cc7d873bb9d64.jpg,PCBA_147_jpg.rf.0de5f3aff794cb7e401cc7d873bb9d64.txt
PCBA_147_jpg.rf.1a8f2ba607c4c04b661dd2ecf761c512.jpg,PCBA_147_jpg.rf.1a8f2ba607c4c04b661dd2ecf761c512.txt
PCBA_147_jpg.rf.94bd72067eb691c6ef35deca44832333.jpg,PCBA_147_jpg.rf.94bd72067eb691c6ef35deca44832333.txt
PCBA_151_jpg.rf.2ebfa4de5d563400c6f29295960e70c7.jpg,PCBA_151_jpg.rf.2ebfa4de5d563400c6f29295960e70c7.txt
PCBA_151_jpg.rf.35a3888cbe3482c938b7d522827f0127.jpg,PCBA_151_jpg.rf.35a3888cbe3482c938b7d522827f0127.txt
PCBA_151_jpg.rf.8a7230a0320e1b8ab2c842a8daa4139e.jpg,PCBA_151_jpg.rf.8a7230a0320e1b8ab2c842a8daa4139e.txt
PCBA_169_jpg.rf.5129cb5b0bd815ea11dd085d82a0bc1c.jpg,PCBA_169_jpg.rf.5129cb5b0bd815ea11dd085d82a0bc1c.txt
PCBA_169_jpg.rf.a5b1a3246d4e4b4a7b5753c5fb4b257c.jpg,PCBA_169_jpg.rf.a5b1a3246d4e4b4a7b5753c5fb4b257c.txt
PCBA_169_jpg.rf.e41d574fb15bfc3b353728d0be6c7a02.jpg,PCBA_169_jpg.rf.e41d574fb15bfc3b353728d0be6c7a02.txt
PCBA_170_jpg.rf.3d820d64bfd154e783fd1a979aa375fe.jpg,PCBA_170_jpg.rf.3d820d64bfd154e783fd1a979aa375fe.txt
PCBA_170_jpg.rf.7b0bb6ce4c4c3e657fd65048a0d74d46.jpg,PCBA_170_jpg.rf.7b0bb6ce4c4c3e657fd65048a0d74d46.txt
PCBA_170_jpg.rf.8e020d06685144cbb708f9f9803d7366.jpg,PCBA_170_jpg.rf.8e020d06685144cbb708f9f9803d7366.txt
PCBA_173_jpg.rf.dc970ade783e7d262b6aec523daea9ee.jpg,PCBA_173_jpg.rf.dc970ade783e7d262b6aec523daea9ee.txt
PCBA_173_jpg.rf.ee4696ee1bf29d0f78b2bbe0e7028905.jpg,PCBA_173_jpg.rf.ee4696ee1bf29d0f78b2bbe0e7028905.txt
PCBA_173_jpg.rf.f264e6c32f7a2efe8a109bbe04bd3df5.jpg,PCBA_173_jpg.rf.f264e6c32f7a2efe8a109bbe04bd3df5.txt
PCBA_176_jpg.rf.59990f2da87aa5f965e080e065b5e0e7.jpg,PCBA_176_jpg.rf.59990f2da87aa5f965e080e065b5e0e7.txt
PCBA_176_jpg.rf.7b4a667ff0013a065c858ca57eae5485.jpg,PCBA_176_jpg.rf.7b4a667ff0013a065c858ca57eae5485.txt
PCBA_176_jpg.rf.e6766ff693dd5f26c00530082e008cd8.jpg,PCBA_176_jpg.rf.e6766ff693dd5f26c00530082e008cd8.txt
PCBA_177_jpg.rf.00e78f1fe6185ecc34f2b0fd4c827b2f.jpg,PCBA_177_jpg.rf.00e78f1fe6185ecc34f2b0fd4c827b2f.txt
PCBA_177_jpg.rf.647cc229775c5be3b368860e1cb72f26.jpg,PCBA_177_jpg.rf.647cc229775c5be3b368860e1cb72f26.txt
PCBA_177_jpg.rf.e1b08520dcf92bbcbf07b822e3afa1f8.jpg,PCBA_177_jpg.rf.e1b08520dcf92bbcbf07b822e3afa1f8.txt
PCBA_178_jpg.rf.3844f9fdfe8a0490c9812530021418ba.jpg,PCBA_178_jpg.rf.3844f9fdfe8a0490c9812530021418ba.txt
PCBA_178_jpg.rf.5649591f9ea2d1e17a7643fa8862af06.jpg,PCBA_178_jpg.rf.5649591f9ea2d1e17a7643fa8862af06.txt
PCBA_178_jpg.rf.f778e7fd62d10eed52f809f1f84bcc28.jpg,PCBA_178_jpg.rf.f778e7fd62d10eed52f809f1f84bcc28.txt
PCBA_180_jpg.rf.23e138ca827810aa60d58a1f230cf241.jpg,PCBA_180_jpg.rf.23e138ca827810aa60d58a1f230cf241.txt
PCBA_180_jpg.rf.a6eb52b5f7f1421e9a24dfd239614e28.jpg,PCBA_180_jpg.rf.a6eb52b5f7f1421e9a24dfd239614e28.txt
PCBA_180_jpg.rf.e2531618e664c9e25a662e400d4d91cd.jpg,PCBA_180_jpg.rf.e2531618e664c9e25a662e400d4d91cd.txt
PCBA_181_jpg.rf.2aa34bec018424c161f4beb7877ff309.jpg,PCBA_181_jpg.rf.2aa34bec018424c161f4beb7877ff309.txt
PCBA_181_jpg.rf.2de125165cf35d4f106fb5912591251c.jpg,PCBA_181_jpg.rf.2de125165cf35d4f106fb5912591251c.txt
PCBA_181_jpg.rf.7589ee41122bcaa35917f1f3100e473e.jpg,PCBA_181_jpg.rf.7589ee41122bcaa35917f1f3100e473e.txt
PCBA_183_jpg.rf.1912708f1af90422ecf69c011b146f89.jpg,PCBA_183_jpg.rf.1912708f1af90422ecf69c011b146f89.txt
PCBA_183_jpg.rf.a0f717c4c99bfb650fff6bfc8e33fbc0.jpg,PCBA_183_jpg.rf.a0f717c4c99bfb650fff6bfc8e33fbc0.txt
PCBA_183_jpg.rf.f353c4df0b41d4df5cc932abc0e7f9e1.jpg,PCBA_183_jpg.rf.f353c4df0b41d4df5cc932abc0e7f9e1.txt
PCBA_185_jpg.rf.08991b2817ff7ecc2ecbbb74d14f4de6.jpg,PCBA_185_jpg.rf.08991b2817ff7ecc2ecbbb74d14f4de6.txt
PCBA_185_jpg.rf.c4009739e69afc7763497a25fd86232b.jpg,PCBA_185_jpg.rf.c4009739e69afc7763497a25fd86232b.txt
PCBA_185_jpg.rf.fe7700441bb0562c66c06c0137e7c60c.jpg,PCBA_185_jpg.rf.fe7700441bb0562c66c06c0137e7c60c.txt
PCBA_187_jpg.rf.27e0cb42f38fd5aa2a3397ea630113dd.jpg,PCBA_187_jpg.rf.27e0cb42f38fd5aa2a3397ea630113dd.txt
PCBA_187_jpg.rf.42593182705cab4271564e150af801df.jpg,PCBA_187_jpg.rf.42593182705cab4271564e150af801df.txt
PCBA_187_jpg.rf.457b829bdc63ab7f102a8a0b0434d2fd.jpg,PCBA_187_jpg.rf.457b829bdc63ab7f102a8a0b0434d2fd.txt
PCBA_192_jpg.rf.17630c9673025a6a632f19326b6bc18d.jpg,PCBA_192_jpg.rf.17630c9673025a6a632f19326b6bc18d.txt
PCBA_192_jpg.rf.35ba645b79bc0b327086e88cb7fe33db.jpg,PCBA_192_jpg.rf.35ba645b79bc0b327086e88cb7fe33db.txt
PCBA_192_jpg.rf.abc858a686a609f0555dfabae125fdb3.jpg,PCBA_192_jpg.rf.abc858a686a609f0555dfabae125fdb3.txt
PCBA_193_jpg.rf.1e6ff545d711a81f0bba5fcf60f9150e.jpg,PCBA_193_jpg.rf.1e6ff545d711a81f0bba5fcf60f9150e.txt
PCBA_193_jpg.rf.6067eb358560bf8b2efb201117162dce.jpg,PCBA_193_jpg.rf.6067eb358560bf8b2efb201117162dce.txt
PCBA_193_jpg.rf.88ba232d090f0c27c2774c6282d5b301.jpg,PCBA_193_jpg.rf.88ba232d090f0c27c2774c6282d5b301.txt
PCBA_194_jpg.rf.60f865e4a9720ca6ddfa62135234c8b0.jpg,PCBA_194_jpg.rf.60f865e4a9720ca6ddfa62135234c8b0.txt
PCBA_194_jpg.rf.b4be2fb1c628d0235c8b33fe2ad316ff.jpg,PCBA_194_jpg.rf.b4be2fb1c628d0235c8b33fe2ad316ff.txt
PCBA_194_jpg.rf.d13ed067ff549642df73113420796bce.jpg,PCBA_194_jpg.rf.d13ed067ff549642df73113420796bce.txt
PCBA_195_jpg.rf.1eb1a5a71a54ae119750b7b595afb50d.jpg,PCBA_195_jpg.rf.1eb1a5a71a54ae119750b7b595afb50d.txt
PCBA_195_jpg.rf.5f65b15f2ffd44a5b52522d1b29de812.jpg,PCBA_195_jpg.rf.5f65b15f2ffd44a5b52522d1b29de812.txt
PCBA_195_jpg.rf.a52de765f18da4fc074161c0776c825a.jpg,PCBA_195_jpg.rf.a52de765f18da4fc074161c0776c825a.txt
PCBA_197_png.rf.e8f4b47670a8bf95999f98a13f1a97dc.jpg,PCBA_197_png.rf.e8f4b47670a8bf95999f98a13f1a97dc.txt
PCBA_197_png.rf.e9876fd9e1b92660dddbec128790fbd0.jpg,PCBA_197_png.rf.e9876fd9e1b92660dddbec128790fbd0.txt
PCBA_197_png.rf.ed20251f4428b36e652c4efc08d7c3b4.jpg,PCBA_197_png.rf.ed20251f4428b36e652c4efc08d7c3b4.txt
PCBA_201_jpg.rf.1c1acfa91ccd9972f26302f0c8310381.jpg,PCBA_201_jpg.rf.1c1acfa91ccd9972f26302f0c8310381.txt
PCBA_201_jpg.rf.904f41f519537bfd80e325edd2892649.jpg,PCBA_201_jpg.rf.904f41f519537bfd80e325edd2892649.txt
PCBA_201_jpg.rf.aee306982535f879a4b61ea3c2732996.jpg,PCBA_201_jpg.rf.aee306982535f879a4b61ea3c2732996.txt
PCBA_206_jpg.rf.44c87922ba07831ce3430d764768362b.jpg,PCBA_206_jpg.rf.44c87922ba07831ce3430d764768362b.txt
PCBA_206_jpg.rf.87a656608f5c0da777f2e7c3b780b941.jpg,PCBA_206_jpg.rf.87a656608f5c0da777f2e7c3b780b941.txt
PCBA_206_jpg.rf.a0ea8badf8ef26cc6fcca3d60f7dc555.jpg,PCBA_206_jpg.rf.a0ea8badf8ef26cc6fcca3d60f7dc555.txt
PCBA_207_jpg.rf.9d2e43dbd69d6debffd0d24bd1dbfc73.jpg,PCBA_207_jpg.rf.9d2e43dbd69d6debffd0d24bd1dbfc73.txt
PCBA_207_jpg.rf.b96fb8237fdb6196954107f1c9a268d6.jpg,PCBA_207_jpg.rf.b96fb8237fdb6196954107f1c9a268d6.txt
PCBA_207_jpg.rf.c6b8ca481e79d15c9e6b451fe5da5e8d.jpg,PCBA_207_jpg.rf.c6b8ca481e79d15c9e6b451fe5da5e8d.txt
PCBA_213_jpg.rf.56efd14b0ab98173fcd4738cfd54aa05.jpg,PCBA_213_jpg.rf.56efd14b0ab98173fcd4738cfd54aa05.txt
PCBA_213_jpg.rf.bdd1785a16d88686b44522271a010885.jpg,PCBA_213_jpg.rf.bdd1785a16d88686b44522271a010885.txt
PCBA_213_jpg.rf.c5578a6b607199a8eca110c985d67485.jpg,PCBA_213_jpg.rf.c5578a6b607199a8eca110c985d67485.txt
PCBA_216_jpg.rf.531b711b5281b4d67454025dd8d726a7.jpg,PCBA_216_jpg.rf.531b711b5281b4d67454025dd8d726a7.txt
PCBA_216_jpg.rf.8f03b750a24102edf6fbb2cf2c1d37c6.jpg,PCBA_216_jpg.rf.8f03b750a24102edf6fbb2cf2c1d37c6.txt
PCBA_216_jpg.rf.9ec56eb649ccb08e60cec30284498d0d.jpg,PCBA_216_jpg.rf.9ec56eb649ccb08e60cec30284498d0d.txt
PCBA_218_jpeg.rf.0ca4fb00d5da6ce8ec82deaf0d8bc5f8.jpg,PCBA_218_jpeg.rf.0ca4fb00d5da6ce8ec82deaf0d8bc5f8.txt
PCBA_218_jpeg.rf.23e95c0effba86e69ef7e292dc27c36b.jpg,PCBA_218_jpeg.rf.23e95c0effba86e69ef7e292dc27c36b.txt
PCBA_218_jpeg.rf.943bb42744c7d2ddbee0ebe541bb6adf.jpg,PCBA_218_jpeg.rf.943bb42744c7d2ddbee0ebe541bb6adf.txt
PCBA_227_jpg.rf.108da4e49aefcbffcfb599ba2566823c.jpg,PCBA_227_jpg.rf.108da4e49aefcbffcfb599ba2566823c.txt
PCBA_227_jpg.rf.6c3ffa39d1e03c7782274060db2859e7.jpg,PCBA_227_jpg.rf.6c3ffa39d1e03c7782274060db2859e7.txt
PCBA_227_jpg.rf.f82daf395949bc1e2aa7207bd9e01e22.jpg,PCBA_227_jpg.rf.f82daf395949bc1e2aa7207bd9e01e22.txt
PCBA_229_jpg.rf.452e1b978bc461c1b717e3aacd853705.jpg,PCBA_229_jpg.rf.452e1b978bc461c1b717e3aacd853705.txt
PCBA_229_jpg.rf.d014b873e6353b5d9385b025a8eb28c8.jpg,PCBA_229_jpg.rf.d014b873e6353b5d9385b025a8eb28c8.txt
PCBA_229_jpg.rf.fa5f758847d318f0ddf17539a107728c.jpg,PCBA_229_jpg.rf.fa5f758847d318f0ddf17539a107728c.txt
PCBA_247_jpg.rf.33bfdfdbd4768edd1d7da58708f5d977.jpg,PCBA_247_jpg.rf.33bfdfdbd4768edd1d7da58708f5d977.txt
PCBA_247_jpg.rf.4b0695ab52561cdd3000b7f61eacb385.jpg,PCBA_247_jpg.rf.4b0695ab52561cdd3000b7f61eacb385.txt
PCBA_247_jpg.rf.e6cd774a637c7a7dcb737be094e9fa94.jpg,PCBA_247_jpg.rf.e6cd774a637c7a7dcb737be094e9fa94.txt
PCBA_256_jpg.rf.0ce0a4a834da35ec817223c14bc72aeb.jpg,PCBA_256_jpg.rf.0ce0a4a834da35ec817223c14bc72aeb.txt
PCBA_256_jpg.rf.2fdefc36e2e1322b4cb0616e75bddf5a.jpg,PCBA_256_jpg.rf.2fdefc36e2e1322b4cb0616e75bddf5a.txt
PCBA_256_jpg.rf.6b9dd01d1e1edbfe6ec493d2cf258bd0.jpg,PCBA_256_jpg.rf.6b9dd01d1e1edbfe6ec493d2cf258bd0.txt
PCBA_259_jpg.rf.2f66ded385e36413f8aad8bc817cb884.jpg,PCBA_259_jpg.rf.2f66ded385e36413f8aad8bc817cb884.txt
PCBA_259_jpg.rf.53921ef71b715c8de3d5868604d4f188.jpg,PCBA_259_jpg.rf.53921ef71b715c8de3d5868604d4f188.txt
PCBA_259_jpg.rf.6044894fd90dbb0a5aedd5c8064d5b4d.jpg,PCBA_259_jpg.rf.6044894fd90dbb0a5aedd5c8064d5b4d.txt
PCBA_260_jpg.rf.723497d58b3d9be7cef408da4818ec36.jpg,PCBA_260_jpg.rf.723497d58b3d9be7cef408da4818ec36.txt
PCBA_260_jpg.rf.c07324d49b93fb45facbc18fdef3ee99.jpg,PCBA_260_jpg.rf.c07324d49b93fb45facbc18fdef3ee99.txt
PCBA_260_jpg.rf.e9aaf8a44b5a613d72131f65254a80bd.jpg,PCBA_260_jpg.rf.e9aaf8a44b5a613d72131f65254a80bd.txt
PCBA_262_jpg.rf.0e4ae06cc5534cda348fe06220625853.jpg,PCBA_262_jpg.rf.0e4ae06cc5534cda348fe06220625853.txt
PCBA_262_jpg.rf.1bc619d0b98bab04f1649f50d1feb6b9.jpg,PCBA_262_jpg.rf.1bc619d0b98bab04f1649f50d1feb6b9.txt
PCBA_262_jpg.rf.29ec97ed907a0f847b2d1429d4c12214.jpg,PCBA_262_jpg.rf.29ec97ed907a0f847b2d1429d4c12214.txt
PCBA_266_jpg.rf.83d1b68ef0f01ec22bb84591951f2a73.jpg,PCBA_266_jpg.rf.83d1b68ef0f01ec22bb84591951f2a73.txt
PCBA_266_jpg.rf.abe118481ebb54b7d753699495263bac.jpg,PCBA_266_jpg.rf.abe118481ebb54b7d753699495263bac.txt
PCBA_266_jpg.rf.e02f0dd92e6b39dfe9ac069393ad7afa.jpg,PCBA_266_jpg.rf.e02f0dd92e6b39dfe9ac069393ad7afa.txt
PCBA_267_jpg.rf.06bee1d7b62bbbab914d4b69cbea7a3e.jpg,PCBA_267_jpg.rf.06bee1d7b62bbbab914d4b69cbea7a3e.txt
PCBA_267_jpg.rf.09aafa79ea2678a1b240a8db8c3545b7.jpg,PCBA_267_jpg.rf.09aafa79ea2678a1b240a8db8c3545b7.txt
PCBA_267_jpg.rf.c29a27d36f00bc5443249a1089610e9d.jpg,PCBA_267_jpg.rf.c29a27d36f00bc5443249a1089610e9d.txt
PCBA_268_jpg.rf.0470f46ba7d2647caf0bc018792e8909.jpg,PCBA_268_jpg.rf.0470f46ba7d2647caf0bc018792e8909.txt
PCBA_268_jpg.rf.94a4a5c32fcaea735589cf16227510b9.jpg,PCBA_268_jpg.rf.94a4a5c32fcaea735589cf16227510b9.txt
PCBA_268_jpg.rf.a7591ba974d72942ac846a6680a0bd50.jpg,PCBA_268_jpg.rf.a7591ba974d72942ac846a6680a0bd50.txt
PCBA_269_jpg.rf.3e33e71bcd8df3b321d3bc43fbb41154.jpg,PCBA_269_jpg.rf.3e33e71bcd8df3b321d3bc43fbb41154.txt
PCBA_269_jpg.rf.3f7b832a15025018478a5c203e6bffcb.jpg,PCBA_269_jpg.rf.3f7b832a15025018478a5c203e6bffcb.txt
PCBA_269_jpg.rf.ae741376da8b3b5f09a076af1f3db7eb.jpg,PCBA_269_jpg.rf.ae741376da8b3b5f09a076af1f3db7eb.txt
PCBA_270_jpg.rf.73e757e9a9f00efd23651f61b73013db.jpg,PCBA_270_jpg.rf.73e757e9a9f00efd23651f61b73013db.txt
PCBA_270_jpg.rf.889c138d9bae3d552432be6e6d9f4fa9.jpg,PCBA_270_jpg.rf.889c138d9bae3d552432be6e6d9f4fa9.txt
PCBA_270_jpg.rf.9e43118a441cd01ff27be28f2da03514.jpg,PCBA_270_jpg.rf.9e43118a441cd01ff27be28f2da03514.txt
PCBA_271_jpg.rf.15b4d3de073e90bd16e7281960b97bb0.jpg,PCBA_271_jpg.rf.15b4d3de073e90bd16e7281960b97bb0.txt
PCBA_271_jpg.rf.2b2236ddf9c111d0e2aed63571171650.jpg,PCBA_271_jpg.rf.2b2236ddf9c111d0e2aed63571171650.txt
PCBA_271_jpg.rf.637f84ba699cb9cbd3b6ea250dfbff7d.jpg,PCBA_271_jpg.rf.637f84ba699cb9cbd3b6ea250dfbff7d.txt
PCBA_272_jpg.rf.65df60d437e79792cb6dcb27b5c6b1bb.jpg,PCBA_272_jpg.rf.65df60d437e79792cb6dcb27b5c6b1bb.txt
PCBA_272_jpg.rf.dced1eabd77d932c46e242955f16801a.jpg,PCBA_272_jpg.rf.dced1eabd77d932c46e242955f16801a.txt
PCBA_272_jpg.rf.ebcefdaa95e718e9afec6cf4bfe1b1a5.jpg,PCBA_272_jpg.rf.ebcefdaa95e718e9afec6cf4bfe1b1a5.txt
PCBA_274_jpg.rf.111feb733f2807a1fa3c86110c97d5d9.jpg,PCBA_274_jpg.rf.111feb733f2807a1fa3c86110c97d5d9.txt
PCBA_274_jpg.rf.2160956259fd90db3300ba79a23c1317.jpg,PCBA_274_jpg.rf.2160956259fd90db3300ba79a23c1317.txt
PCBA_274_jpg.rf.89dd957618526bb7ce469450788e4bd3.jpg,PCBA_274_jpg.rf.89dd957618526bb7ce469450788e4bd3.txt
PCBA_275_jpg.rf.57970da9b06ba6267e7bdd874976e1e4.jpg,PCBA_275_jpg.rf.57970da9b06ba6267e7bdd874976e1e4.txt
PCBA_275_jpg.rf.93c7a3be12f15b153f521b435773b9f7.jpg,PCBA_275_jpg.rf.93c7a3be12f15b153f521b435773b9f7.txt
PCBA_275_jpg.rf.9bd5d1809dd1ac8567d142facf901aab.jpg,PCBA_275_jpg.rf.9bd5d1809dd1ac8567d142facf901aab.txt
PCBA_282_jpg.rf.4f4f54b60a3e0738698c4b6f6b4ac024.jpg,PCBA_282_jpg.rf.4f4f54b60a3e0738698c4b6f6b4ac024.txt
PCBA_282_jpg.rf.5e843acf7043269cfc8f4716e1f5add0.jpg,PCBA_282_jpg.rf.5e843acf7043269cfc8f4716e1f5add0.txt
PCBA_282_jpg.rf.7347b1a7bb6a10a769d8265a137eb0a2.jpg,PCBA_282_jpg.rf.7347b1a7bb6a10a769d8265a137eb0a2.txt
PCBA_284_jpg.rf.985097c82878d2daa0c0ea12d8297bdc.jpg,PCBA_284_jpg.rf.985097c82878d2daa0c0ea12d8297bdc.txt
PCBA_284_jpg.rf.d2fc2d35a1b51645f48e9e751de442a5.jpg,PCBA_284_jpg.rf.d2fc2d35a1b51645f48e9e751de442a5.txt
PCBA_284_jpg.rf.f726303c735f5a51bb45516e1fa9f23a.jpg,PCBA_284_jpg.rf.f726303c735f5a51bb45516e1fa9f23a.txt
PCBA_285_jpg.rf.126e51871e1cb1493f5903a71ff9ca03.jpg,PCBA_285_jpg.rf.126e51871e1cb1493f5903a71ff9ca03.txt
PCBA_285_jpg.rf.13c49cd0caa737ae83d930a7dcbfaef5.jpg,PCBA_285_jpg.rf.13c49cd0caa737ae83d930a7dcbfaef5.txt
PCBA_285_jpg.rf.f87330cca33ca4ea1480093a38ec8fa7.jpg,PCBA_285_jpg.rf.f87330cca33ca4ea1480093a38ec8fa7.txt
PCBA_286_jpg.rf.2373de67931566dd0b3d9c13efc791d8.jpg,PCBA_286_jpg.rf.2373de67931566dd0b3d9c13efc791d8.txt
PCBA_286_jpg.rf.c698ce108eebbd8ce9655cf6504b889c.jpg,PCBA_286_jpg.rf.c698ce108eebbd8ce9655cf6504b889c.txt
PCBA_286_jpg.rf.db5c4140aada839598da2bbc2f91be26.jpg,PCBA_286_jpg.rf.db5c4140aada839598da2bbc2f91be26.txt
PCBA_288_jpg.rf.1c33943b6bd394bea6aebd29b52a8676.jpg,PCBA_288_jpg.rf.1c33943b6bd394bea6aebd29b52a8676.txt
PCBA_288_jpg.rf.2dfe52cab99cc300033ec9a462fb76e4.jpg,PCBA_288_jpg.rf.2dfe52cab99cc300033ec9a462fb76e4.txt
PCBA_288_jpg.rf.b8c7180cee82d417e9142d213698b5e1.jpg,PCBA_288_jpg.rf.b8c7180cee82d417e9142d213698b5e1.txt
PCBA_289_jpg.rf.11d91fd23cb4012efae353c8f3e4c8af.jpg,PCBA_289_jpg.rf.11d91fd23cb4012efae353c8f3e4c8af.txt
PCBA_289_jpg.rf.9718205f7e92467dbb74e1d4d5cacf22.jpg,PCBA_289_jpg.rf.9718205f7e92467dbb74e1d4d5cacf22.txt
PCBA_289_jpg.rf.e385763fbace0720df6060a4fac4085a.jpg,PCBA_289_jpg.rf.e385763fbace0720df6060a4fac4085a.txt
PCBA_291_jpg.rf.30e87f973ab49862864cf4c85c783fbe.jpg,PCBA_291_jpg.rf.30e87f973ab49862864cf4c85c783fbe.txt
PCBA_291_jpg.rf.48b77bf29309c46964d72ae790d3ac73.jpg,PCBA_291_jpg.rf.48b77bf29309c46964d72ae790d3ac73.txt
PCBA_291_jpg.rf.7214ffc127447b714d06b4c2e0a0d0c9.jpg,PCBA_291_jpg.rf.7214ffc127447b714d06b4c2e0a0d0c9.txt
PCBA_292_jpg.rf.0329f5c3836aabb9bba348a65f7cba59.jpg,PCBA_292_jpg.rf.0329f5c3836aabb9bba348a65f7cba59.txt
PCBA_292_jpg.rf.5bdfd6a7fa3e06266463e594e25c3d89.jpg,PCBA_292_jpg.rf.5bdfd6a7fa3e06266463e594e25c3d89.txt
PCBA_292_jpg.rf.60287bb77bd41c95aa73b0042aa89cec.jpg,PCBA_292_jpg.rf.60287bb77bd41c95aa73b0042aa89cec.txt
PCBA_294_jpg.rf.41a2b11bdf300aab04b8c654855bc8f2.jpg,PCBA_294_jpg.rf.41a2b11bdf300aab04b8c654855bc8f2.txt
PCBA_294_jpg.rf.4855032a54b02b53bf4b3ac6b0174d07.jpg,PCBA_294_jpg.rf.4855032a54b02b53bf4b3ac6b0174d07.txt
PCBA_294_jpg.rf.76d2118d6ad90883edf15e9aa4923a5b.jpg,PCBA_294_jpg.rf.76d2118d6ad90883edf15e9aa4923a5b.txt
PCBA_296_jpg.rf.530aa8b1da27d05ebf509bc74128c732.jpg,PCBA_296_jpg.rf.530aa8b1da27d05ebf509bc74128c732.txt
PCBA_296_jpg.rf.579c543a62bfbde2b26fa665ab7c0b46.jpg,PCBA_296_jpg.rf.579c543a62bfbde2b26fa665ab7c0b46.txt
PCBA_296_jpg.rf.e4b492ce629998b0e6e56d10a83ffda9.jpg,PCBA_296_jpg.rf.e4b492ce629998b0e6e56d10a83ffda9.txt
PCBA_297_jpg.rf.253dec8515b3e3cf87f985cf48ffcf02.jpg,PCBA_297_jpg.rf.253dec8515b3e3cf87f985cf48ffcf02.txt
PCBA_297_jpg.rf.523243ee10957e28b455c9ba82d78a4c.jpg,PCBA_297_jpg.rf.523243ee10957e28b455c9ba82d78a4c.txt
PCBA_297_jpg.rf.aaaa6bb5989b4f116adbd7fce8ce86e7.jpg,PCBA_297_jpg.rf.aaaa6bb5989b4f116adbd7fce8ce86e7.txt
PCBA_298_jpg.rf.5f65e09e633ef66044e7c8cdb51de465.jpg,PCBA_298_jpg.rf.5f65e09e633ef66044e7c8cdb51de465.txt
PCBA_298_jpg.rf.82b5c770174cca439ec555921388e933.jpg,PCBA_298_jpg.rf.82b5c770174cca439ec555921388e933.txt
PCBA_298_jpg.rf.8f8ce95a3f7572b406a4f157a4937293.jpg,PCBA_298_jpg.rf.8f8ce95a3f7572b406a4f157a4937293.txt
PCBA_299_jpg.rf.225cc3df40107df834b299bd51beeab9.jpg,PCBA_299_jpg.rf.225cc3df40107df834b299bd51beeab9.txt
PCBA_299_jpg.rf.3551f9c3857f50bde49eb4f3947602d6.jpg,PCBA_299_jpg.rf.3551f9c3857f50bde49eb4f3947602d6.txt
PCBA_299_jpg.rf.5f16e9fb395476d60196d0ad3c9f1e85.jpg,PCBA_299_jpg.rf.5f16e9fb395476d60196d0ad3c9f1e85.txt
PCBA_303_jpg.rf.9eaf455b23ae9cd0465813ce6ec955a2.jpg,PCBA_303_jpg.rf.9eaf455b23ae9cd0465813ce6ec955a2.txt
PCBA_303_jpg.rf.a2e43add855e2879733752e7d6ac26a1.jpg,PCBA_303_jpg.rf.a2e43add855e2879733752e7d6ac26a1.txt
PCBA_303_jpg.rf.c0358ea6f63dc9a3b1ddc80a698aacd0.jpg,PCBA_303_jpg.rf.c0358ea6f63dc9a3b1ddc80a698aacd0.txt
PCBA_304_jpg.rf.1512b05510d2b9bccea7dc11b2679c65.jpg,PCBA_304_jpg.rf.1512b05510d2b9bccea7dc11b2679c65.txt
PCBA_304_jpg.rf.665cb56b3cd33f89f80f1aef1b484785.jpg,PCBA_304_jpg.rf.665cb56b3cd33f89f80f1aef1b484785.txt
PCBA_304_jpg.rf.6bba527b135e20835e0a321c56f44b31.jpg,PCBA_304_jpg.rf.6bba527b135e20835e0a321c56f44b31.txt
PCBA_305_jpg.rf.1b3c76e637566635f9edfb8f03ed0812.jpg,PCBA_305_jpg.rf.1b3c76e637566635f9edfb8f03ed0812.txt
PCBA_305_jpg.rf.8de11a56f7829e17b610c3dd529eea77.jpg,PCBA_305_jpg.rf.8de11a56f7829e17b610c3dd529eea77.txt
PCBA_305_jpg.rf.9eadaf09bdeb371ed2291f5800334e38.jpg,PCBA_305_jpg.rf.9eadaf09bdeb371ed2291f5800334e38.txt
PCBA_308_jpg.rf.221218bd2c54724d5390eb33f57168d2.jpg,PCBA_308_jpg.rf.221218bd2c54724d5390eb33f57168d2.txt
PCBA_308_jpg.rf.629ed0bdeafd33ade981949966c20417.jpg,PCBA_308_jpg.rf.629ed0bdeafd33ade981949966c20417.txt
PCBA_308_jpg.rf.cf02598419308520ef93f15f82f16221.jpg,PCBA_308_jpg.rf.cf02598419308520ef93f15f82f16221.txt
PCBA_311_jpg.rf.297adb8cd2bef863d136d94c10bf5962.jpg,PCBA_311_jpg.rf.297adb8cd2bef863d136d94c10bf5962.txt
PCBA_311_jpg.rf.534e3cd8bad3d7652ffdf37b242592b3.jpg,PCBA_311_jpg.rf.534e3cd8bad3d7652ffdf37b242592b3.txt
PCBA_311_jpg.rf.f835fe587f6310fcedacfb096182483d.jpg,PCBA_311_jpg.rf.f835fe587f6310fcedacfb096182483d.txt
PCBA_313_jpg.rf.803a881406d0dde92b3a015907048c2f.jpg,PCBA_313_jpg.rf.803a881406d0dde92b3a015907048c2f.txt
PCBA_313_jpg.rf.e09c91aa7fb61800485c3d61ad33af06.jpg,PCBA_313_jpg.rf.e09c91aa7fb61800485c3d61ad33af06.txt
PCBA_313_jpg.rf.e12fc695fd022f2980854eac1b187de3.jpg,PCBA_313_jpg.rf.e12fc695fd022f2980854eac1b187de3.txt
PCBA_314_jpg.rf.2193e32b8a471aff58f86969f157621e.jpg,PCBA_314_jpg.rf.2193e32b8a471aff58f86969f157621e.txt
PCBA_314_jpg.rf.e6bd1ed78f56c85da6491d387cfc78f0.jpg,PCBA_314_jpg.rf.e6bd1ed78f56c85da6491d387cfc78f0.txt
PCBA_314_jpg.rf.f6485d874e9d230e5b6f3d59aef1e943.jpg,PCBA_314_jpg.rf.f6485d874e9d230e5b6f3d59aef1e943.txt
PCBA_315_jpg.rf.1bb79a8a91c3282ef4e020a1c486cc85.jpg,PCBA_315_jpg.rf.1bb79a8a91c3282ef4e020a1c486cc85.txt
PCBA_315_jpg.rf.c02302b21b75396c579a3f5dc7db4477.jpg,PCBA_315_jpg.rf.c02302b21b75396c579a3f5dc7db4477.txt
PCBA_315_jpg.rf.d39185a4611b7cab9f84eb28e2ebb701.jpg,PCBA_315_jpg.rf.d39185a4611b7cab9f84eb28e2ebb701.txt
PCBA_317_jpg.rf.97d6f9b77f6e996c592d248f2c8dc516.jpg,PCBA_317_jpg.rf.97d6f9b77f6e996c592d248f2c8dc516.txt
PCBA_317_jpg.rf.e6c782473ac49ce4566de784277d3d74.jpg,PCBA_317_jpg.rf.e6c782473ac49ce4566de784277d3d74.txt
PCBA_317_jpg.rf.ffbb1029c65746dcda183b47c3535079.jpg,PCBA_317_jpg.rf.ffbb1029c65746dcda183b47c3535079.txt
PCBA_318_jpg.rf.060f42079e17fb298478096d688c2396.jpg,PCBA_318_jpg.rf.060f42079e17fb298478096d688c2396.txt
PCBA_318_jpg.rf.d1712801ed961ba6cfd9e3a4155cb2af.jpg,PCBA_318_jpg.rf.d1712801ed961ba6cfd9e3a4155cb2af.txt
PCBA_318_jpg.rf.eb898979774f1657f192cb78d6b4a5fe.jpg,PCBA_318_jpg.rf.eb898979774f1657f192cb78d6b4a5fe.txt
PCBA_319_jpg.rf.05b257f60b9745293ce9890325582af2.jpg,PCBA_319_jpg.rf.05b257f60b9745293ce9890325582af2.txt
PCBA_319_jpg.rf.5cbdb80486a0589d79b6595fac854f36.jpg,PCBA_319_jpg.rf.5cbdb80486a0589d79b6595fac854f36.txt
PCBA_319_jpg.rf.a7eef438a45db280b9881754e792d156.jpg,PCBA_319_jpg.rf.a7eef438a45db280b9881754e792d156.txt
PCBA_320_jpg.rf.5d386cfc5c9a49e2c698e3664419dc22.jpg,PCBA_320_jpg.rf.5d386cfc5c9a49e2c698e3664419dc22.txt
PCBA_320_jpg.rf.99e5b82d893f150978a9cd1f0a8c369e.jpg,PCBA_320_jpg.rf.99e5b82d893f150978a9cd1f0a8c369e.txt
PCBA_320_jpg.rf.c31e5fc0a8add1ad642cf5ce59895538.jpg,PCBA_320_jpg.rf.c31e5fc0a8add1ad642cf5ce59895538.txt
PCBA_321_jpg.rf.319d1c3d2178e24702bf6e17339ceadc.jpg,PCBA_321_jpg.rf.319d1c3d2178e24702bf6e17339ceadc.txt
PCBA_321_jpg.rf.61a4f431562f774899bcc0853e344760.jpg,PCBA_321_jpg.rf.61a4f431562f774899bcc0853e344760.txt
PCBA_321_jpg.rf.fd065b64b31698ef7a273093e5bf5d98.jpg,PCBA_321_jpg.rf.fd065b64b31698ef7a273093e5bf5d98.txt
PCBA_322_jpg.rf.99d0f067d1ed62511aa750b63bdd4f5e.jpg,PCBA_322_jpg.rf.99d0f067d1ed62511aa750b63bdd4f5e.txt
PCBA_322_jpg.rf.c6422cff0de50e9773fbc27f2c1253b4.jpg,PCBA_322_jpg.rf.c6422cff0de50e9773fbc27f2c1253b4.txt
PCBA_322_jpg.rf.cde8af2c7928c0d4fd9fd7f01a1f28e7.jpg,PCBA_322_jpg.rf.cde8af2c7928c0d4fd9fd7f01a1f28e7.txt
PCBA_323_jpg.rf.03796a4e72cd8594c95cf4cad685b8e9.jpg,PCBA_323_jpg.rf.03796a4e72cd8594c95cf4cad685b8e9.txt
PCBA_323_jpg.rf.7319d219724a0921cde8a2afceb15ee4.jpg,PCBA_323_jpg.rf.7319d219724a0921cde8a2afceb15ee4.txt
PCBA_323_jpg.rf.d8dab41997f98323aa49e98d97449c83.jpg,PCBA_323_jpg.rf.d8dab41997f98323aa49e98d97449c83.txt
PCBA_324_jpg.rf.003d1e7e342a0cd6ec2b1843f799bcf4.jpg,PCBA_324_jpg.rf.003d1e7e342a0cd6ec2b1843f799bcf4.txt
PCBA_324_jpg.rf.800e6784cda63b928702b1d1ae4b50d6.jpg,PCBA_324_jpg.rf.800e6784cda63b928702b1d1ae4b50d6.txt
PCBA_324_jpg.rf.93c9887e7b0e232ccfc94cb74c7bb2a8.jpg,PCBA_324_jpg.rf.93c9887e7b0e232ccfc94cb74c7bb2a8.txt
PCBA_325_jpg.rf.31875102da106dd72d47ec12493a18f1.jpg,PCBA_325_jpg.rf.31875102da106dd72d47ec12493a18f1.txt
PCBA_325_jpg.rf.a9b0c1b13305b97a9a119f4f61786270.jpg,PCBA_325_jpg.rf.a9b0c1b13305b97a9a119f4f61786270.txt
PCBA_325_jpg.rf.acb520fd43479f00c3f9a96434c31003.jpg,PCBA_325_jpg.rf.acb520fd43479f00c3f9a96434c31003.txt
PCBA_326_jpg.rf.14fedbcd37fbdef1a22d86ba95347332.jpg,PCBA_326_jpg.rf.14fedbcd37fbdef1a22d86ba95347332.txt
PCBA_326_jpg.rf.95ddaf982ad925d62f4ccc8f389f166e.jpg,PCBA_326_jpg.rf.95ddaf982ad925d62f4ccc8f389f166e.txt
PCBA_326_jpg.rf.ee55d31a28778d9b026c72aad0c61f5f.jpg,PCBA_326_jpg.rf.ee55d31a28778d9b026c72aad0c61f5f.txt
PCBA_327_jpg.rf.476073f5ed8fcd88830a1fd28070fd08.jpg,PCBA_327_jpg.rf.476073f5ed8fcd88830a1fd28070fd08.txt
PCBA_327_jpg.rf.7ef6410a2dd38649372f6b49ffa86daa.jpg,PCBA_327_jpg.rf.7ef6410a2dd38649372f6b49ffa86daa.txt
PCBA_327_jpg.rf.dd319aff58462290f3c23e66eebc2189.jpg,PCBA_327_jpg.rf.dd319aff58462290f3c23e66eebc2189.txt
PCBA_328_jpg.rf.477a12ed4ced740f43e8d328d0fe8688.jpg,PCBA_328_jpg.rf.477a12ed4ced740f43e8d328d0fe8688.txt
PCBA_328_jpg.rf.83dd170c184c1966ed43b554b64daafd.jpg,PCBA_328_jpg.rf.83dd170c184c1966ed43b554b64daafd.txt
PCBA_328_jpg.rf.d6f3c4e42e0eebc2c82e77bf19bb8780.jpg,PCBA_328_jpg.rf.d6f3c4e42e0eebc2c82e77bf19bb8780.txt
PCBA_329_jpg.rf.14cfe31184abfb76a67d5b624aacd3ed.jpg,PCBA_329_jpg.rf.14cfe31184abfb76a67d5b624aacd3ed.txt
PCBA_329_jpg.rf.b008082190acd870eb2bfa3eb261c519.jpg,PCBA_329_jpg.rf.b008082190acd870eb2bfa3eb261c519.txt
PCBA_329_jpg.rf.dfcdfa755d1dea70d9b2ed0601de9ac0.jpg,PCBA_329_jpg.rf.dfcdfa755d1dea70d9b2ed0601de9ac0.txt
PCBA_331_jpg.rf.3bb1737455f106e6f0d14d6f91e91bc3.jpg,PCBA_331_jpg.rf.3bb1737455f106e6f0d14d6f91e91bc3.txt
PCBA_331_jpg.rf.4bc06f5ab0289d36b41c7159222d264c.jpg,PCBA_331_jpg.rf.4bc06f5ab0289d36b41c7159222d264c.txt
PCBA_331_jpg.rf.b57a52e5f1700cefa1ad9da034b0c4d5.jpg,PCBA_331_jpg.rf.b57a52e5f1700cefa1ad9da034b0c4d5.txt
PCBA_332_jpg.rf.65e765683e256e58039c3fb1f85b41ca.jpg,PCBA_332_jpg.rf.65e765683e256e58039c3fb1f85b41ca.txt
PCBA_332_jpg.rf.89006e60a54a9475cec1b5983a2ca5bd.jpg,PCBA_332_jpg.rf.89006e60a54a9475cec1b5983a2ca5bd.txt
PCBA_332_jpg.rf.f9fca5f697820591d675e251dbc6aa72.jpg,PCBA_332_jpg.rf.f9fca5f697820591d675e251dbc6aa72.txt
PCBA_333_jpg.rf.38a4a8bdb4f3b2b252f43891d6309d33.jpg,PCBA_333_jpg.rf.38a4a8bdb4f3b2b252f43891d6309d33.txt
PCBA_333_jpg.rf.727b91c74e2478b2be7b09b395559333.jpg,PCBA_333_jpg.rf.727b91c74e2478b2be7b09b395559333.txt
PCBA_333_jpg.rf.9f61e2ef00caa5eda6ba6a56a29d98b1.jpg,PCBA_333_jpg.rf.9f61e2ef00caa5eda6ba6a56a29d98b1.txt
PCBA_334_jpg.rf.21684501f0caa0ed8cbb9de3660082c5.jpg,PCBA_334_jpg.rf.21684501f0caa0ed8cbb9de3660082c5.txt
PCBA_334_jpg.rf.2f7324557a50a106b094c20a73acb8aa.jpg,PCBA_334_jpg.rf.2f7324557a50a106b094c20a73acb8aa.txt
PCBA_334_jpg.rf.b38cb6a9507f213d1f7d071e455a1b48.jpg,PCBA_334_jpg.rf.b38cb6a9507f213d1f7d071e455a1b48.txt
PCBA_335_jpg.rf.6325512cf2a50ff5c94de90bee6d2166.jpg,PCBA_335_jpg.rf.6325512cf2a50ff5c94de90bee6d2166.txt
PCBA_335_jpg.rf.9515bfeef0b8f16d50ff6698e48e504e.jpg,PCBA_335_jpg.rf.9515bfeef0b8f16d50ff6698e48e504e.txt
PCBA_335_jpg.rf.c2557ec8ad6c85fc1ad0638646ba24a7.jpg,PCBA_335_jpg.rf.c2557ec8ad6c85fc1ad0638646ba24a7.txt
PCBA_337_jpg.rf.1b968b8623656ff5eae633b4e442b185.jpg,PCBA_337_jpg.rf.1b968b8623656ff5eae633b4e442b185.txt
PCBA_337_jpg.rf.4e837dcccf31458b62b87824c5a4e2a9.jpg,PCBA_337_jpg.rf.4e837dcccf31458b62b87824c5a4e2a9.txt
PCBA_337_jpg.rf.9ab0533015a4cf10017ea163eaa78bd2.jpg,PCBA_337_jpg.rf.9ab0533015a4cf10017ea163eaa78bd2.txt
PCBA_339_jpg.rf.629ae7f52a45c5a86767bdbb3769b299.jpg,PCBA_339_jpg.rf.629ae7f52a45c5a86767bdbb3769b299.txt
PCBA_339_jpg.rf.650ab64b6e91b2a379cc2858e768efc4.jpg,PCBA_339_jpg.rf.650ab64b6e91b2a379cc2858e768efc4.txt
PCBA_339_jpg.rf.df10314441d9a2fd68d7f8d6f162a208.jpg,PCBA_339_jpg.rf.df10314441d9a2fd68d7f8d6f162a208.txt
PCBA_342_jpg.rf.3c7268ee2447653ec6b4cf0fdf711589.jpg,PCBA_342_jpg.rf.3c7268ee2447653ec6b4cf0fdf711589.txt
PCBA_342_jpg.rf.443852157ae2148180db5f71147735fd.jpg,PCBA_342_jpg.rf.443852157ae2148180db5f71147735fd.txt
PCBA_342_jpg.rf.7478d58c760f71a3c3bdbfe2c5e7a7db.jpg,PCBA_342_jpg.rf.7478d58c760f71a3c3bdbfe2c5e7a7db.txt
PCBA_343_jpeg.rf.15106636b1bd0d9a5ca03cce9ce0ed82.jpg,PCBA_343_jpeg.rf.15106636b1bd0d9a5ca03cce9ce0ed82.txt
PCBA_343_jpeg.rf.31ae15218d5cbe52002ec37bd635d01f.jpg,PCBA_343_jpeg.rf.31ae15218d5cbe52002ec37bd635d01f.txt
PCBA_343_jpeg.rf.b8fb8b2409b45c229ad19414b593dcf5.jpg,PCBA_343_jpeg.rf.b8fb8b2409b45c229ad19414b593dcf5.txt
PCBA_344_jpg.rf.203187bf6a12c8e355c886128fd1034b.jpg,PCBA_344_jpg.rf.203187bf6a12c8e355c886128fd1034b.txt
PCBA_344_jpg.rf.a11e2272d2553f8d4df11c31848b8e44.jpg,PCBA_344_jpg.rf.a11e2272d2553f8d4df11c31848b8e44.txt
PCBA_344_jpg.rf.cf11048c857383bb2c970da3352588c9.jpg,PCBA_344_jpg.rf.cf11048c857383bb2c970da3352588c9.txt
PCBA_345_jpg.rf.30ac2c9537ea3acc85b1c13fcff6969a.jpg,PCBA_345_jpg.rf.30ac2c9537ea3acc85b1c13fcff6969a.txt
PCBA_345_jpg.rf.a7bd827ada53a62471334e9fa9ee2cda.jpg,PCBA_345_jpg.rf.a7bd827ada53a62471334e9fa9ee2cda.txt
PCBA_345_jpg.rf.e9108ed54df76b5110a929c0418dfabb.jpg,PCBA_345_jpg.rf.e9108ed54df76b5110a929c0418dfabb.txt
PCBA_347_jpg.rf.0889018953691631c93beb09624a4f53.jpg,PCBA_347_jpg.rf.0889018953691631c93beb09624a4f53.txt
PCBA_347_jpg.rf.3811d9a19118e7052df4eccd39ffa64e.jpg,PCBA_347_jpg.rf.3811d9a19118e7052df4eccd39ffa64e.txt
PCBA_347_jpg.rf.9ed3053be2f3c075a9c8c5d8d3f6c014.jpg,PCBA_347_jpg.rf.9ed3053be2f3c075a9c8c5d8d3f6c014.txt
PCBA_348_jpg.rf.0908f0396e1477b872c8d80f3d337f02.jpg,PCBA_348_jpg.rf.0908f0396e1477b872c8d80f3d337f02.txt
PCBA_348_jpg.rf.20c1a2bc242ae4ff989555daaf6f9b58.jpg,PCBA_348_jpg.rf.20c1a2bc242ae4ff989555daaf6f9b58.txt
PCBA_348_jpg.rf.f3119aaf18a2c99c4ecb6e57b842defd.jpg,PCBA_348_jpg.rf.f3119aaf18a2c99c4ecb6e57b842defd.txt
PCBA_350_jpg.rf.756e3655cf633cc97c12799ead67e836.jpg,PCBA_350_jpg.rf.756e3655cf633cc97c12799ead67e836.txt
PCBA_350_jpg.rf.ca9c133e457129cab64403d79d2d83dc.jpg,PCBA_350_jpg.rf.ca9c133e457129cab64403d79d2d83dc.txt
PCBA_350_jpg.rf.f2c1bed0062202dbae76a4b31f15edf8.jpg,PCBA_350_jpg.rf.f2c1bed0062202dbae76a4b31f15edf8.txt
PCBA_351_jpg.rf.2751f4f326fb9d2aa1bc81f40c72bda9.jpg,PCBA_351_jpg.rf.2751f4f326fb9d2aa1bc81f40c72bda9.txt
PCBA_351_jpg.rf.88b2b5f6e708adcaab19573cc68fbaeb.jpg,PCBA_351_jpg.rf.88b2b5f6e708adcaab19573cc68fbaeb.txt
PCBA_351_jpg.rf.8cf923aaf49896b5571f3b0de1ba8e19.jpg,PCBA_351_jpg.rf.8cf923aaf49896b5571f3b0de1ba8e19.txt
PCBA_369_jpg.rf.1b518963e36c7aa9d1dfd4f948e9d208.jpg,PCBA_369_jpg.rf.1b518963e36c7aa9d1dfd4f948e9d208.txt
PCBA_369_jpg.rf.223f683494e7466444dd04b113e5ef56.jpg,PCBA_369_jpg.rf.223f683494e7466444dd04b113e5ef56.txt
PCBA_369_jpg.rf.3f8ef208fb42a872d3f73480c880cf68.jpg,PCBA_369_jpg.rf.3f8ef208fb42a872d3f73480c880cf68.txt
PCBA_370_jpg.rf.20965ecfae1dd17a5b8d02e618853d99.jpg,PCBA_370_jpg.rf.20965ecfae1dd17a5b8d02e618853d99.txt
PCBA_370_jpg.rf.67f97c51209a431f5c01a978f246f3ef.jpg,PCBA_370_jpg.rf.67f97c51209a431f5c01a978f246f3ef.txt
PCBA_370_jpg.rf.72a6972ce1290be5fc03a82f1ce6fe38.jpg,PCBA_370_jpg.rf.72a6972ce1290be5fc03a82f1ce6fe38.txt
PCBA_372_jpg.rf.2ef16ecab935c393c62a235e106a04e9.jpg,PCBA_372_jpg.rf.2ef16ecab935c393c62a235e106a04e9.txt
PCBA_372_jpg.rf.6cf2a40bb282f76a4f4f5fdc5c1f66ef.jpg,PCBA_372_jpg.rf.6cf2a40bb282f76a4f4f5fdc5c1f66ef.txt
PCBA_372_jpg.rf.d7f4ace9702bb5666e77a991b53eed0a.jpg,PCBA_372_jpg.rf.d7f4ace9702bb5666e77a991b53eed0a.txt
PCBA_375_jpg.rf.0d23b4e9b407c9bff9b21c58818ebc7d.jpg,PCBA_375_jpg.rf.0d23b4e9b407c9bff9b21c58818ebc7d.txt
PCBA_375_jpg.rf.ae9a6e803880105d63260854af9f6440.jpg,PCBA_375_jpg.rf.ae9a6e803880105d63260854af9f6440.txt
PCBA_375_jpg.rf.dd39230ae1e7f2e8a9807aed868fa9b7.jpg,PCBA_375_jpg.rf.dd39230ae1e7f2e8a9807aed868fa9b7.txt
PCBA_376_jpg.rf.03a5ea18f7a952d7a30406fd376be8e9.jpg,PCBA_376_jpg.rf.03a5ea18f7a952d7a30406fd376be8e9.txt
PCBA_376_jpg.rf.a4d6a4ba396a3a2f63dfbfa6b9f473a8.jpg,PCBA_376_jpg.rf.a4d6a4ba396a3a2f63dfbfa6b9f473a8.txt
PCBA_376_jpg.rf.d355d3ba946a21ac0f2979040817cb9c.jpg,PCBA_376_jpg.rf.d355d3ba946a21ac0f2979040817cb9c.txt
PCBA_377_jpg.rf.1ed3521220603ed918b4bd3b7f304975.jpg,PCBA_377_jpg.rf.1ed3521220603ed918b4bd3b7f304975.txt
PCBA_377_jpg.rf.309486e84f68d03bc67227ff3b597eb3.jpg,PCBA_377_jpg.rf.309486e84f68d03bc67227ff3b597eb3.txt
PCBA_377_jpg.rf.318a022a95409bceac61c031b7bd46b0.jpg,PCBA_377_jpg.rf.318a022a95409bceac61c031b7bd46b0.txt
PCBA_379_jpg.rf.96b77d5918cccec84a7ee074c2a6acfc.jpg,PCBA_379_jpg.rf.96b77d5918cccec84a7ee074c2a6acfc.txt
PCBA_379_jpg.rf.9cca0790c8f7feab7ca44187b507aced.jpg,PCBA_379_jpg.rf.9cca0790c8f7feab7ca44187b507aced.txt
PCBA_379_jpg.rf.a3438ba5d56beb8860404beecc6fc9ab.jpg,PCBA_379_jpg.rf.a3438ba5d56beb8860404beecc6fc9ab.txt
PCBA_381_jpg.rf.1c34de94de5ec6ec67a3512b03949b9c.jpg,PCBA_381_jpg.rf.1c34de94de5ec6ec67a3512b03949b9c.txt
PCBA_381_jpg.rf.7f646de1ee9e84d7bebb774eda9e5f60.jpg,PCBA_381_jpg.rf.7f646de1ee9e84d7bebb774eda9e5f60.txt
PCBA_381_jpg.rf.dce4b890e258a3b941b0603f1dc0d0a3.jpg,PCBA_381_jpg.rf.dce4b890e258a3b941b0603f1dc0d0a3.txt
PCBA_382_jpg.rf.dbaca3420689a536a04b8df679f1f448.jpg,PCBA_382_jpg.rf.dbaca3420689a536a04b8df679f1f448.txt
PCBA_382_jpg.rf.ed99fb66cb626f2a85b6682dd123991e.jpg,PCBA_382_jpg.rf.ed99fb66cb626f2a85b6682dd123991e.txt
PCBA_382_jpg.rf.f1507599b35703fe552db01e9077e1fd.jpg,PCBA_382_jpg.rf.f1507599b35703fe552db01e9077e1fd.txt
PCBA_383_jpg.rf.a91f14373c4360ff4368ec03846cd881.jpg,PCBA_383_jpg.rf.a91f14373c4360ff4368ec03846cd881.txt
PCBA_383_jpg.rf.aed9ecc37c08704345eb80ffc5a30790.jpg,PCBA_383_jpg.rf.aed9ecc37c08704345eb80ffc5a30790.txt
PCBA_383_jpg.rf.b802be0d6972bd1aa38a5117f1891052.jpg,PCBA_383_jpg.rf.b802be0d6972bd1aa38a5117f1891052.txt
PCBA_384_jpg.rf.34fae12f3017895390dc5077916e52c9.jpg,PCBA_384_jpg.rf.34fae12f3017895390dc5077916e52c9.txt
PCBA_384_jpg.rf.a3af616884a99d344f760ed8d3f6ca31.jpg,PCBA_384_jpg.rf.a3af616884a99d344f760ed8d3f6ca31.txt
PCBA_384_jpg.rf.ecb561542d980c627776d74bc6cbe4d0.jpg,PCBA_384_jpg.rf.ecb561542d980c627776d74bc6cbe4d0.txt
PCBA_3_jpg.rf.0825d3b77e084cdd302f007c31428ae1.jpg,PCBA_3_jpg.rf.0825d3b77e084cdd302f007c31428ae1.txt
PCBA_3_jpg.rf.8a384c4d7d9a867b525c91c64af3d1f1.jpg,PCBA_3_jpg.rf.8a384c4d7d9a867b525c91c64af3d1f1.txt
PCBA_3_jpg.rf.c9409ce7e4eaf36a91bacf0ae53247c2.jpg,PCBA_3_jpg.rf.c9409ce7e4eaf36a91bacf0ae53247c2.txt
PCBA_505_jpg.rf.75e8a4161657225e8504cb9c818298e0.jpg,PCBA_505_jpg.rf.75e8a4161657225e8504cb9c818298e0.txt
PCBA_505_jpg.rf.78106349b4e0e704e3a67da0d54109ad.jpg,PCBA_505_jpg.rf.78106349b4e0e704e3a67da0d54109ad.txt
PCBA_505_jpg.rf.c072bcaa8b344daf9c7c17d86cb9ed0c.jpg,PCBA_505_jpg.rf.c072bcaa8b344daf9c7c17d86cb9ed0c.txt
PCBA_508_jpg.rf.18403c21338f99aafec8f32d6521a940.jpg,PCBA_508_jpg.rf.18403c21338f99aafec8f32d6521a940.txt
PCBA_508_jpg.rf.bc3ce07a24fe182774212158926d3ab5.jpg,PCBA_508_jpg.rf.bc3ce07a24fe182774212158926d3ab5.txt
PCBA_508_jpg.rf.f704f82d9981de5b4ba43c5728bec46e.jpg,PCBA_508_jpg.rf.f704f82d9981de5b4ba43c5728bec46e.txt
PCBA_513_jpg.rf.0cc7fb4b0423e4b81320d854e8c7a282.jpg,PCBA_513_jpg.rf.0cc7fb4b0423e4b81320d854e8c7a282.txt
PCBA_513_jpg.rf.3f74e6bf843e245bed2affb8f314c666.jpg,PCBA_513_jpg.rf.3f74e6bf843e245bed2affb8f314c666.txt
PCBA_513_jpg.rf.b31ccd6602fe146e125ab19f79c005db.jpg,PCBA_513_jpg.rf.b31ccd6602fe146e125ab19f79c005db.txt
PCBA_514_jpg.rf.26db0f3e25e950049d75c5b0097b2ffd.jpg,PCBA_514_jpg.rf.26db0f3e25e950049d75c5b0097b2ffd.txt
PCBA_514_jpg.rf.64b99dc448162700edf273e470bfd952.jpg,PCBA_514_jpg.rf.64b99dc448162700edf273e470bfd952.txt
PCBA_514_jpg.rf.cfe5d3a51a818c0babd59cb7eaf7696d.jpg,PCBA_514_jpg.rf.cfe5d3a51a818c0babd59cb7eaf7696d.txt
PCBA_516_jpg.rf.479dbafd7e5cbc2a9013976ca99438d7.jpg,PCBA_516_jpg.rf.479dbafd7e5cbc2a9013976ca99438d7.txt
PCBA_516_jpg.rf.7566836e7a8877ed03fdea32c8ea5f2e.jpg,PCBA_516_jpg.rf.7566836e7a8877ed03fdea32c8ea5f2e.txt
PCBA_516_jpg.rf.c14995a39bfdf79be3f639b5532f2773.jpg,PCBA_516_jpg.rf.c14995a39bfdf79be3f639b5532f2773.txt
PCBA_517_jpg.rf.3612d5f4bcd8c4e0a61cb1e4c6c6473c.jpg,PCBA_517_jpg.rf.3612d5f4bcd8c4e0a61cb1e4c6c6473c.txt
PCBA_517_jpg.rf.8bf023893a213df7293eced7ce349e85.jpg,PCBA_517_jpg.rf.8bf023893a213df7293eced7ce349e85.txt
PCBA_517_jpg.rf.bf9b08bd3fc6fc028f19a7bbfaf3cf54.jpg,PCBA_517_jpg.rf.bf9b08bd3fc6fc028f19a7bbfaf3cf54.txt
PCBA_524_jpg.rf.aadf9cfaf4c843786634ac4b0aa07dc3.jpg,PCBA_524_jpg.rf.aadf9cfaf4c843786634ac4b0aa07dc3.txt
PCBA_524_jpg.rf.b34195ea020d93e09e65d0b6b27a6a1a.jpg,PCBA_524_jpg.rf.b34195ea020d93e09e65d0b6b27a6a1a.txt
PCBA_524_jpg.rf.b43cb6ac4aedbfba2a6398d1cf34fdaa.jpg,PCBA_524_jpg.rf.b43cb6ac4aedbfba2a6398d1cf34fdaa.txt
PCBA_525_jpg.rf.7cf5d7f27efbf888f28bc66bffde3e20.jpg,PCBA_525_jpg.rf.7cf5d7f27efbf888f28bc66bffde3e20.txt
PCBA_525_jpg.rf.8375a3357a3f3f9d769fcab0e762554b.jpg,PCBA_525_jpg.rf.8375a3357a3f3f9d769fcab0e762554b.txt
PCBA_525_jpg.rf.fcaa6991ce3a31aeec5f90c53841830b.jpg,PCBA_525_jpg.rf.fcaa6991ce3a31aeec5f90c53841830b.txt
PCBA_526_jpg.rf.3c0aa8f4cf01b99b3d458c5aedb85bb6.jpg,PCBA_526_jpg.rf.3c0aa8f4cf01b99b3d458c5aedb85bb6.txt
PCBA_526_jpg.rf.ad1c0d8396a0a3ddb8eb49fb5f886a8b.jpg,PCBA_526_jpg.rf.ad1c0d8396a0a3ddb8eb49fb5f886a8b.txt
PCBA_526_jpg.rf.f4d08bde90e444173108cf8b0e7b9bdd.jpg,PCBA_526_jpg.rf.f4d08bde90e444173108cf8b0e7b9bdd.txt
PCBA_531_jpg.rf.1a9781ebd6c204c38f063c139514a1e7.jpg,PCBA_531_jpg.rf.1a9781ebd6c204c38f063c139514a1e7.txt
PCBA_531_jpg.rf.57a6a43f5e5513a3a18fbdcc5dc6b9a7.jpg,PCBA_531_jpg.rf.57a6a43f5e5513a3a18fbdcc5dc6b9a7.txt
PCBA_531_jpg.rf.7121cc161914b504c24579415f4135a9.jpg,PCBA_531_jpg.rf.7121cc161914b504c24579415f4135a9.txt
PCBA_533_jpg.rf.77c63eace0602f26c5244e3aefc89110.jpg,PCBA_533_jpg.rf.77c63eace0602f26c5244e3aefc89110.txt
PCBA_533_jpg.rf.d10131cc71508fdfb57e3f099fb72708.jpg,PCBA_533_jpg.rf.d10131cc71508fdfb57e3f099fb72708.txt
PCBA_533_jpg.rf.e8459eedb112076cb9725e56a6053f05.jpg,PCBA_533_jpg.rf.e8459eedb112076cb9725e56a6053f05.txt
PCBA_534_jpg.rf.2c8ab6afafef2c663047489de09d7ef3.jpg,PCBA_534_jpg.rf.2c8ab6afafef2c663047489de09d7ef3.txt
PCBA_534_jpg.rf.39eed5debb028a68cfbd3d1257c2876b.jpg,PCBA_534_jpg.rf.39eed5debb028a68cfbd3d1257c2876b.txt
PCBA_534_jpg.rf.854b3c07ed1078e5682d863f7e076b36.jpg,PCBA_534_jpg.rf.854b3c07ed1078e5682d863f7e076b36.txt
PCBA_542_jpg.rf.075ba0583e2cc456be5ab2ecd1311717.jpg,PCBA_542_jpg.rf.075ba0583e2cc456be5ab2ecd1311717.txt
PCBA_542_jpg.rf.9603bfc2704d2530a975e40b778fa4d6.jpg,PCBA_542_jpg.rf.9603bfc2704d2530a975e40b778fa4d6.txt
PCBA_542_jpg.rf.dcfc5883ad1f301c7cb569cb687fcc7f.jpg,PCBA_542_jpg.rf.dcfc5883ad1f301c7cb569cb687fcc7f.txt
PCBA_543_jpg.rf.1a3daa29baa8febe34283e1a7840f39c.jpg,PCBA_543_jpg.rf.1a3daa29baa8febe34283e1a7840f39c.txt
PCBA_543_jpg.rf.26ded57a610af568cf13fc855be37782.jpg,PCBA_543_jpg.rf.26ded57a610af568cf13fc855be37782.txt
PCBA_543_jpg.rf.41920b1f0a3bac05b778d24e473ff959.jpg,PCBA_543_jpg.rf.41920b1f0a3bac05b778d24e473ff959.txt
PCBA_545_jpg.rf.651d8a95550b0a2ecfbe36014399bb54.jpg,PCBA_545_jpg.rf.651d8a95550b0a2ecfbe36014399bb54.txt
PCBA_545_jpg.rf.85ee6f879c8e4ee79e9711abc398ca94.jpg,PCBA_545_jpg.rf.85ee6f879c8e4ee79e9711abc398ca94.txt
PCBA_545_jpg.rf.b035afb7d1e411e787fe95906f259703.jpg,PCBA_545_jpg.rf.b035afb7d1e411e787fe95906f259703.txt
PCBA_546_jpg.rf.09eeb564d752802812a2ceb8c97501af.jpg,PCBA_546_jpg.rf.09eeb564d752802812a2ceb8c97501af.txt
PCBA_546_jpg.rf.63fba443455c097866e832cd9c346f38.jpg,PCBA_546_jpg.rf.63fba443455c097866e832cd9c346f38.txt
PCBA_546_jpg.rf.9ca3b13b87af1962469f3fd4264b1ee8.jpg,PCBA_546_jpg.rf.9ca3b13b87af1962469f3fd4264b1ee8.txt
PCBA_548_jpg.rf.b687597e9c2acb99927a3bf0f843b222.jpg,PCBA_548_jpg.rf.b687597e9c2acb99927a3bf0f843b222.txt
PCBA_548_jpg.rf.bfdbf7bf2113bd639bf872d88c7c0171.jpg,PCBA_548_jpg.rf.bfdbf7bf2113bd639bf872d88c7c0171.txt
PCBA_548_jpg.rf.ef7536bb8c75734b829dbc95cd466696.jpg,PCBA_548_jpg.rf.ef7536bb8c75734b829dbc95cd466696.txt
PCBA_549_jpg.rf.520be3ad2a452193c4dab404342c9c36.jpg,PCBA_549_jpg.rf.520be3ad2a452193c4dab404342c9c36.txt
PCBA_549_jpg.rf.9f90d5630136437ec259fe10df24e0a3.jpg,PCBA_549_jpg.rf.9f90d5630136437ec259fe10df24e0a3.txt
PCBA_549_jpg.rf.d8b366c058893ddb76ca8cbfdb6c35a6.jpg,PCBA_549_jpg.rf.d8b366c058893ddb76ca8cbfdb6c35a6.txt
PCBA_551_jpg.rf.2d0b644376e18691cfb7c1e0d4afc497.jpg,PCBA_551_jpg.rf.2d0b644376e18691cfb7c1e0d4afc497.txt
PCBA_551_jpg.rf.45311691a5fd06798977e17e45a1999a.jpg,PCBA_551_jpg.rf.45311691a5fd06798977e17e45a1999a.txt
PCBA_551_jpg.rf.d6139b808fb93ac9317ae5602b8489bb.jpg,PCBA_551_jpg.rf.d6139b808fb93ac9317ae5602b8489bb.txt
PCBA_554_jpg.rf.1668abb0c73cce06ae9ea32315591677.jpg,PCBA_554_jpg.rf.1668abb0c73cce06ae9ea32315591677.txt
PCBA_554_jpg.rf.21859b329f03a3547cb64b3d5a0b8b8b.jpg,PCBA_554_jpg.rf.21859b329f03a3547cb64b3d5a0b8b8b.txt
PCBA_554_jpg.rf.9c011f76b14c4b7e905d34b372d70422.jpg,PCBA_554_jpg.rf.9c011f76b14c4b7e905d34b372d70422.txt
PCBA_555_jpg.rf.0d24a8cc91053cfc19644c90a6f7b69c.jpg,PCBA_555_jpg.rf.0d24a8cc91053cfc19644c90a6f7b69c.txt
PCBA_555_jpg.rf.4a7922dad2ed6998b1bce8c1da486ed4.jpg,PCBA_555_jpg.rf.4a7922dad2ed6998b1bce8c1da486ed4.txt
PCBA_555_jpg.rf.c7caf0bce4d0a15dc28a030298beaea6.jpg,PCBA_555_jpg.rf.c7caf0bce4d0a15dc28a030298beaea6.txt
PCBA_556_jpg.rf.00cb1968bd88c100a04dc9cffe66ff0b.jpg,PCBA_556_jpg.rf.00cb1968bd88c100a04dc9cffe66ff0b.txt
PCBA_556_jpg.rf.7fa4c3f61bf558507499f94f70825c69.jpg,PCBA_556_jpg.rf.7fa4c3f61bf558507499f94f70825c69.txt
PCBA_556_jpg.rf.8da474180c9422590f59696bb37ccf17.jpg,PCBA_556_jpg.rf.8da474180c9422590f59696bb37ccf17.txt
PCBA_557_jpg.rf.a13480db9f036c8dcf5f4866353d2f23.jpg,PCBA_557_jpg.rf.a13480db9f036c8dcf5f4866353d2f23.txt
PCBA_557_jpg.rf.d62bde32413a88d90c05787ef31b745c.jpg,PCBA_557_jpg.rf.d62bde32413a88d90c05787ef31b745c.txt
PCBA_557_jpg.rf.ecd27d1e6a652cba29c6de000697f7f3.jpg,PCBA_557_jpg.rf.ecd27d1e6a652cba29c6de000697f7f3.txt
PCBA_560_jpg.rf.5365bacde8646833ab1bf7541fac3368.jpg,PCBA_560_jpg.rf.5365bacde8646833ab1bf7541fac3368.txt
PCBA_560_jpg.rf.75a89c1aed8ca24e8bacd973a8512508.jpg,PCBA_560_jpg.rf.75a89c1aed8ca24e8bacd973a8512508.txt
PCBA_560_jpg.rf.8c03be5b94be65656dbe29f052362c15.jpg,PCBA_560_jpg.rf.8c03be5b94be65656dbe29f052362c15.txt
PCBA_561_jpg.rf.46885d355d1e6790f06df230b031140e.jpg,PCBA_561_jpg.rf.46885d355d1e6790f06df230b031140e.txt
PCBA_561_jpg.rf.a5dea53696d7992cf3a679bedd1d0d74.jpg,PCBA_561_jpg.rf.a5dea53696d7992cf3a679bedd1d0d74.txt
PCBA_561_jpg.rf.e6c91d863909dcb91274085e00ef5b78.jpg,PCBA_561_jpg.rf.e6c91d863909dcb91274085e00ef5b78.txt
PCBA_562_jpg.rf.73a0d430b544b243255617b0a58e466e.jpg,PCBA_562_jpg.rf.73a0d430b544b243255617b0a58e466e.txt
PCBA_562_jpg.rf.a6e51594d380fee7873c6362d3752847.jpg,PCBA_562_jpg.rf.a6e51594d380fee7873c6362d3752847.txt
PCBA_562_jpg.rf.c3c76a856656e7eba48ed67d0e841285.jpg,PCBA_562_jpg.rf.c3c76a856656e7eba48ed67d0e841285.txt
PCBA_566_jpg.rf.39e1d55b9887283a337646bb85582ad2.jpg,PCBA_566_jpg.rf.39e1d55b9887283a337646bb85582ad2.txt
PCBA_566_jpg.rf.3d527a9e4c376cc64360bbdb8fe735b6.jpg,PCBA_566_jpg.rf.3d527a9e4c376cc64360bbdb8fe735b6.txt
PCBA_566_jpg.rf.49bd0ab1f8c9a218bc19f2c9dc97d940.jpg,PCBA_566_jpg.rf.49bd0ab1f8c9a218bc19f2c9dc97d940.txt
PCBA_567_jpg.rf.549f0ac10dba4b5475a960bd788b7c3e.jpg,PCBA_567_jpg.rf.549f0ac10dba4b5475a960bd788b7c3e.txt
PCBA_567_jpg.rf.692e7b7bd554874bd9174e4899da8e47.jpg,PCBA_567_jpg.rf.692e7b7bd554874bd9174e4899da8e47.txt
PCBA_567_jpg.rf.aaf5d062eb55eb81b64e06d49fad1326.jpg,PCBA_567_jpg.rf.aaf5d062eb55eb81b64e06d49fad1326.txt
PCBA_568_jpg.rf.b4364e579958d0564f4322338c11b97d.jpg,PCBA_568_jpg.rf.b4364e579958d0564f4322338c11b97d.txt
PCBA_568_jpg.rf.b6e8764bd55f1651c61f6cc9330fe3dd.jpg,PCBA_568_jpg.rf.b6e8764bd55f1651c61f6cc9330fe3dd.txt
PCBA_568_jpg.rf.f93f1d1463bfe24a4a4617b0948f3b3b.jpg,PCBA_568_jpg.rf.f93f1d1463bfe24a4a4617b0948f3b3b.txt
PCBA_574_jpg.rf.3c7d22201cf6c032eb4ea41469697735.jpg,PCBA_574_jpg.rf.3c7d22201cf6c032eb4ea41469697735.txt
PCBA_574_jpg.rf.4b9f8da5f0f9c6a6ec6e450fae8a4f55.jpg,PCBA_574_jpg.rf.4b9f8da5f0f9c6a6ec6e450fae8a4f55.txt
PCBA_574_jpg.rf.8fbda3761bf97589f298371257393dc7.jpg,PCBA_574_jpg.rf.8fbda3761bf97589f298371257393dc7.txt
PCBA_577_jpg.rf.dc36ad2c1bd11c13b35c88bc7c36ae9b.jpg,PCBA_577_jpg.rf.dc36ad2c1bd11c13b35c88bc7c36ae9b.txt
PCBA_577_jpg.rf.e7c40529f345fde2f52e6b53a16e2ec0.jpg,PCBA_577_jpg.rf.e7c40529f345fde2f52e6b53a16e2ec0.txt
PCBA_577_jpg.rf.f9b53094af2f124bc629ad01d072c466.jpg,PCBA_577_jpg.rf.f9b53094af2f124bc629ad01d072c466.txt
PCBA_580_jpg.rf.1fd504489b904947262f1b641dac9a41.jpg,PCBA_580_jpg.rf.1fd504489b904947262f1b641dac9a41.txt
PCBA_580_jpg.rf.2d97e068c614e0a2d5413bc393d355a9.jpg,PCBA_580_jpg.rf.2d97e068c614e0a2d5413bc393d355a9.txt
PCBA_580_jpg.rf.81e324b8fc9862a3649a431ab606f4ae.jpg,PCBA_580_jpg.rf.81e324b8fc9862a3649a431ab606f4ae.txt
PCBA_581_jpg.rf.0e3ac56218d11666deb68931bf082c57.jpg,PCBA_581_jpg.rf.0e3ac56218d11666deb68931bf082c57.txt
PCBA_581_jpg.rf.8c3aa4c67a413d86ce0b2fae08451e32.jpg,PCBA_581_jpg.rf.8c3aa4c67a413d86ce0b2fae08451e32.txt
PCBA_581_jpg.rf.cbd30592122debdf1256d7190dd63834.jpg,PCBA_581_jpg.rf.cbd30592122debdf1256d7190dd63834.txt
PCBA_582_jpg.rf.8194eb849134d3b46bf17a823d6232f8.jpg,PCBA_582_jpg.rf.8194eb849134d3b46bf17a823d6232f8.txt
PCBA_582_jpg.rf.858dd5f620cc16292305220798886feb.jpg,PCBA_582_jpg.rf.858dd5f620cc16292305220798886feb.txt
PCBA_582_jpg.rf.beacbdf02c18c20ff35d79c827ec34bf.jpg,PCBA_582_jpg.rf.beacbdf02c18c20ff35d79c827ec34bf.txt
PCBA_583_jpg.rf.1e37e7116b371a8a839719d02dfcac6b.jpg,PCBA_583_jpg.rf.1e37e7116b371a8a839719d02dfcac6b.txt
PCBA_583_jpg.rf.75290c097be852f1e5f927620b1abbdd.jpg,PCBA_583_jpg.rf.75290c097be852f1e5f927620b1abbdd.txt
PCBA_583_jpg.rf.c2e13cd6dc9c81fc79aeef808f896b1c.jpg,PCBA_583_jpg.rf.c2e13cd6dc9c81fc79aeef808f896b1c.txt
PCBA_586_jpg.rf.4579908d7196d97d35b0ac860634962a.jpg,PCBA_586_jpg.rf.4579908d7196d97d35b0ac860634962a.txt
PCBA_586_jpg.rf.4e33a4216b5d550b73bdc631696c45f4.jpg,PCBA_586_jpg.rf.4e33a4216b5d550b73bdc631696c45f4.txt
PCBA_586_jpg.rf.6eb110ba2b0406d544ac08ce8f2ef3e3.jpg,PCBA_586_jpg.rf.6eb110ba2b0406d544ac08ce8f2ef3e3.txt
PCBA_588_jpg.rf.0932b165378bcff0910fba1f83874e14.jpg,PCBA_588_jpg.rf.0932b165378bcff0910fba1f83874e14.txt
PCBA_588_jpg.rf.cdb2e192705c2b73bd781d37b37fa0de.jpg,PCBA_588_jpg.rf.cdb2e192705c2b73bd781d37b37fa0de.txt
PCBA_588_jpg.rf.dbfa1186bbc4d95bc25cba5b84dd2fad.jpg,PCBA_588_jpg.rf.dbfa1186bbc4d95bc25cba5b84dd2fad.txt
PCBA_589_jpg.rf.67eeb83e49af6ea40778076add78f52a.jpg,PCBA_589_jpg.rf.67eeb83e49af6ea40778076add78f52a.txt
PCBA_589_jpg.rf.720783221d8c0ef077c39349a0b7ff7b.jpg,PCBA_589_jpg.rf.720783221d8c0ef077c39349a0b7ff7b.txt
PCBA_589_jpg.rf.dd8fc6c8637b13699ceb8ce18ffa413f.jpg,PCBA_589_jpg.rf.dd8fc6c8637b13699ceb8ce18ffa413f.txt
PCBA_590_jpg.rf.bf42cfe16f58474d4d9b713e05343d40.jpg,PCBA_590_jpg.rf.bf42cfe16f58474d4d9b713e05343d40.txt
PCBA_590_jpg.rf.c723919239a2115d9c934e37c3f269b1.jpg,PCBA_590_jpg.rf.c723919239a2115d9c934e37c3f269b1.txt
PCBA_590_jpg.rf.e305f26b018da7609d0ca82804364dbf.jpg,PCBA_590_jpg.rf.e305f26b018da7609d0ca82804364dbf.txt
PCBA_591_jpg.rf.4f905e08b7e44029f75831540869ded7.jpg,PCBA_591_jpg.rf.4f905e08b7e44029f75831540869ded7.txt
PCBA_591_jpg.rf.c377a62148bbb7d301489683717add15.jpg,PCBA_591_jpg.rf.c377a62148bbb7d301489683717add15.txt
PCBA_591_jpg.rf.cfe5219221bdffb25bd92a3038cfd16f.jpg,PCBA_591_jpg.rf.cfe5219221bdffb25bd92a3038cfd16f.txt
PCBA_592_jpg.rf.132c1a02870a4fe6fe57a398c4875781.jpg,PCBA_592_jpg.rf.132c1a02870a4fe6fe57a398c4875781.txt
PCBA_592_jpg.rf.47b67fe7ff45ba703c30a469c7408e57.jpg,PCBA_592_jpg.rf.47b67fe7ff45ba703c30a469c7408e57.txt
PCBA_592_jpg.rf.6ea2fbe6d7fa46510926e2da8c019558.jpg,PCBA_592_jpg.rf.6ea2fbe6d7fa46510926e2da8c019558.txt
PCBA_594_jpg.rf.2eb2bd4de5969de69733fe58549047e3.jpg,PCBA_594_jpg.rf.2eb2bd4de5969de69733fe58549047e3.txt
PCBA_594_jpg.rf.4b7ce2024aca4b87ef7e8c2d3cfe7c7d.jpg,PCBA_594_jpg.rf.4b7ce2024aca4b87ef7e8c2d3cfe7c7d.txt
PCBA_594_jpg.rf.b60e9488a0d18950cc29f1c3214ce1ce.jpg,PCBA_594_jpg.rf.b60e9488a0d18950cc29f1c3214ce1ce.txt
PCBA_596_jpg.rf.5b94c150f4e862d757695e5c79fcb008.jpg,PCBA_596_jpg.rf.5b94c150f4e862d757695e5c79fcb008.txt
PCBA_596_jpg.rf.6385bfb3d759d60d6ef15fb23334ce8a.jpg,PCBA_596_jpg.rf.6385bfb3d759d60d6ef15fb23334ce8a.txt
PCBA_596_jpg.rf.82ff605db10c1f96610a05768c1931b4.jpg,PCBA_596_jpg.rf.82ff605db10c1f96610a05768c1931b4.txt
PCBA_600_jpg.rf.3e0a3ca2c5bd2ce31f96d084998aafa4.jpg,PCBA_600_jpg.rf.3e0a3ca2c5bd2ce31f96d084998aafa4.txt
PCBA_600_jpg.rf.5f87822d4d521a10999ea4defe6bf2e5.jpg,PCBA_600_jpg.rf.5f87822d4d521a10999ea4defe6bf2e5.txt
PCBA_600_jpg.rf.8630ee0dea684f0f946fe4e5cdc5b85e.jpg,PCBA_600_jpg.rf.8630ee0dea684f0f946fe4e5cdc5b85e.txt
PCBA_601_jpg.rf.22340888385d0eeec6fcb1dc617cbeab.jpg,PCBA_601_jpg.rf.22340888385d0eeec6fcb1dc617cbeab.txt
PCBA_601_jpg.rf.59efaf296ce10186b49d0f5be7986734.jpg,PCBA_601_jpg.rf.59efaf296ce10186b49d0f5be7986734.txt
PCBA_601_jpg.rf.da1ffdc61b704fd30817d9a4cca1f274.jpg,PCBA_601_jpg.rf.da1ffdc61b704fd30817d9a4cca1f274.txt
PCBA_602_jpg.rf.2ce7b6040838e0ddcfb1d27f19caf3bf.jpg,PCBA_602_jpg.rf.2ce7b6040838e0ddcfb1d27f19caf3bf.txt
PCBA_602_jpg.rf.3e277bac991c2c237ae1ab9a9934e607.jpg,PCBA_602_jpg.rf.3e277bac991c2c237ae1ab9a9934e607.txt
PCBA_602_jpg.rf.4cade88f3f42e6e70b6837589f5dba20.jpg,PCBA_602_jpg.rf.4cade88f3f42e6e70b6837589f5dba20.txt
PCBA_604_jpg.rf.a3c3b2e1dcfd620b8afb27de2d3607c1.jpg,PCBA_604_jpg.rf.a3c3b2e1dcfd620b8afb27de2d3607c1.txt
PCBA_604_jpg.rf.b61e4aefb7b0b56b5d75db07560df5d2.jpg,PCBA_604_jpg.rf.b61e4aefb7b0b56b5d75db07560df5d2.txt
PCBA_604_jpg.rf.e3d4db4a3bd8bbd1062b80ea9daef76b.jpg,PCBA_604_jpg.rf.e3d4db4a3bd8bbd1062b80ea9daef76b.txt
PCBA_605_jpg.rf.177da64b8a9f02b2adb1a7deae98c8fd.jpg,PCBA_605_jpg.rf.177da64b8a9f02b2adb1a7deae98c8fd.txt
PCBA_605_jpg.rf.463142b5c5ee8dca14b19a49abc4536e.jpg,PCBA_605_jpg.rf.463142b5c5ee8dca14b19a49abc4536e.txt
PCBA_605_jpg.rf.d88faf1178f02b3c0f9b1051ddaf1ee5.jpg,PCBA_605_jpg.rf.d88faf1178f02b3c0f9b1051ddaf1ee5.txt
PCBA_606_jpg.rf.103ecc99b40604fa693aef6905ce323f.jpg,PCBA_606_jpg.rf.103ecc99b40604fa693aef6905ce323f.txt
PCBA_606_jpg.rf.9e0a677d6fe4c681670096864dd21e15.jpg,PCBA_606_jpg.rf.9e0a677d6fe4c681670096864dd21e15.txt
PCBA_606_jpg.rf.cbba29965253b96b146fa255ec738e35.jpg,PCBA_606_jpg.rf.cbba29965253b96b146fa255ec738e35.txt
PCBA_607_jpg.rf.1255beaaba5cfca80642561c71db3a5d.jpg,PCBA_607_jpg.rf.1255beaaba5cfca80642561c71db3a5d.txt
PCBA_607_jpg.rf.20192130c02da2fffc6624352803a3fd.jpg,PCBA_607_jpg.rf.20192130c02da2fffc6624352803a3fd.txt
PCBA_607_jpg.rf.3697aee1772678e89597aadb9f68e019.jpg,PCBA_607_jpg.rf.3697aee1772678e89597aadb9f68e019.txt
PCBA_612_jpg.rf.672ab3c05e8e48ebaf5d92afc7e9842e.jpg,PCBA_612_jpg.rf.672ab3c05e8e48ebaf5d92afc7e9842e.txt
PCBA_612_jpg.rf.d81f8f464e14b57d9896a768ae256a0e.jpg,PCBA_612_jpg.rf.d81f8f464e14b57d9896a768ae256a0e.txt
PCBA_612_jpg.rf.e2da94338bd608d88d220c7101424d40.jpg,PCBA_612_jpg.rf.e2da94338bd608d88d220c7101424d40.txt
PCBA_613_jpg.rf.5f7e302ea4974ff70ebddd110d91c28f.jpg,PCBA_613_jpg.rf.5f7e302ea4974ff70ebddd110d91c28f.txt
PCBA_613_jpg.rf.802d13e7120a9458f499ae508f6b7deb.jpg,PCBA_613_jpg.rf.802d13e7120a9458f499ae508f6b7deb.txt
PCBA_613_jpg.rf.f2035e52c5f997c7336577d18f875a75.jpg,PCBA_613_jpg.rf.f2035e52c5f997c7336577d18f875a75.txt
PCBA_615_jpg.rf.40f919d233a49438c27cfaba118c5797.jpg,PCBA_615_jpg.rf.40f919d233a49438c27cfaba118c5797.txt
PCBA_615_jpg.rf.7cc2e5a08f872c0e5a0038db1f4ea602.jpg,PCBA_615_jpg.rf.7cc2e5a08f872c0e5a0038db1f4ea602.txt
PCBA_615_jpg.rf.f6e3545a1ee919b2bcd1b70d377942a2.jpg,PCBA_615_jpg.rf.f6e3545a1ee919b2bcd1b70d377942a2.txt
PCBA_616_jpg.rf.943d37a1881ba9e212d64adf56cfc74d.jpg,PCBA_616_jpg.rf.943d37a1881ba9e212d64adf56cfc74d.txt
PCBA_616_jpg.rf.95e56d647e649d8ff04143783b700f9e.jpg,PCBA_616_jpg.rf.95e56d647e649d8ff04143783b700f9e.txt
PCBA_616_jpg.rf.cd43440289d3578d9675ac00993ea5ff.jpg,PCBA_616_jpg.rf.cd43440289d3578d9675ac00993ea5ff.txt
PCBA_617_jpg.rf.45116e37e2eb02314fc3d0a9bb75f5ad.jpg,PCBA_617_jpg.rf.45116e37e2eb02314fc3d0a9bb75f5ad.txt
PCBA_617_jpg.rf.ba1708e8380f8b22025ce063754d43f1.jpg,PCBA_617_jpg.rf.ba1708e8380f8b22025ce063754d43f1.txt
PCBA_617_jpg.rf.c190082051fff930c522d23a2b08d67e.jpg,PCBA_617_jpg.rf.c190082051fff930c522d23a2b08d67e.txt
PCBA_618_jpg.rf.131b2085a25ac61c55d355b6a0a79e97.jpg,PCBA_618_jpg.rf.131b2085a25ac61c55d355b6a0a79e97.txt
PCBA_618_jpg.rf.8344e495819d7fb06b74e8318c2afa32.jpg,PCBA_618_jpg.rf.8344e495819d7fb06b74e8318c2afa32.txt
PCBA_618_jpg.rf.edee7cbbb5abf4e93983d1a2629f05b6.jpg,PCBA_618_jpg.rf.edee7cbbb5abf4e93983d1a2629f05b6.txt
PCBA_619_jpg.rf.16e6322b91e1759410302b3d44644956.jpg,PCBA_619_jpg.rf.16e6322b91e1759410302b3d44644956.txt
PCBA_619_jpg.rf.90d75b5944194b2d46a215841224f8fb.jpg,PCBA_619_jpg.rf.90d75b5944194b2d46a215841224f8fb.txt
PCBA_619_jpg.rf.db20aa4ea9feb6d69b84ba4977f95766.jpg,PCBA_619_jpg.rf.db20aa4ea9feb6d69b84ba4977f95766.txt
PCBA_620_jpg.rf.33c7695688cd89ce1ca74b51f478e40d.jpg,PCBA_620_jpg.rf.33c7695688cd89ce1ca74b51f478e40d.txt
PCBA_620_jpg.rf.544528138424b717be49b888b57f229f.jpg,PCBA_620_jpg.rf.544528138424b717be49b888b57f229f.txt
PCBA_620_jpg.rf.ed734ae692f9546470ac797836b567aa.jpg,PCBA_620_jpg.rf.ed734ae692f9546470ac797836b567aa.txt
PCBA_624_jpg.rf.5f6553e92bd933f295eee04da3a7ba67.jpg,PCBA_624_jpg.rf.5f6553e92bd933f295eee04da3a7ba67.txt
PCBA_624_jpg.rf.9b25279f2519bab2640957404f075aba.jpg,PCBA_624_jpg.rf.9b25279f2519bab2640957404f075aba.txt
PCBA_624_jpg.rf.f526150df311d760787b13dc96c9d9c4.jpg,PCBA_624_jpg.rf.f526150df311d760787b13dc96c9d9c4.txt
PCBA_72_jpg.rf.3f9a8c164309ec4fd650605bf63c5217.jpg,PCBA_72_jpg.rf.3f9a8c164309ec4fd650605bf63c5217.txt
PCBA_72_jpg.rf.6522677a8b46ad355213552506a394f6.jpg,PCBA_72_jpg.rf.6522677a8b46ad355213552506a394f6.txt
PCBA_72_jpg.rf.689f3e5deed1d554ec1834d5a7ed8846.jpg,PCBA_72_jpg.rf.689f3e5deed1d554ec1834d5a7ed8846.txt
PCBA_96_jpg.rf.2ca2b6854c0d390ccacb5985a0a6072c.jpg,PCBA_96_jpg.rf.2ca2b6854c0d390ccacb5985a0a6072c.txt
PCBA_96_jpg.rf.49a6b75721dcb56768427d4d26941bf2.jpg,PCBA_96_jpg.rf.49a6b75721dcb56768427d4d26941bf2.txt
PCBA_96_jpg.rf.54380093e1100fdd41cbb5d0424cd7c7.jpg,PCBA_96_jpg.rf.54380093e1100fdd41cbb5d0424cd7c7.txt
RPI3B_Bottom_jpg.rf.654b0f4fdd9861add0a5dc47f5a0229f.jpg,RPI3B_Bottom_jpg.rf.654b0f4fdd9861add0a5dc47f5a0229f.txt
RPI3B_Bottom_jpg.rf.89ebb76650ac39f1403c2ccf519a4137.jpg,RPI3B_Bottom_jpg.rf.89ebb76650ac39f1403c2ccf519a4137.txt
RPI3B_Bottom_jpg.rf.bd3e6b0612fb2e46e63ef97a645cad2e.jpg,RPI3B_Bottom_jpg.rf.bd3e6b0612fb2e46e63ef97a645cad2e.txt
Spartan6Redux_Bottom_jpg.rf.0f0a99bdc47400b1975b52e36307338f.jpg,Spartan6Redux_Bottom_jpg.rf.0f0a99bdc47400b1975b52e36307338f.txt
Spartan6Redux_Bottom_jpg.rf.663faed2d7f854bebd569b3a4f9c492d.jpg,Spartan6Redux_Bottom_jpg.rf.663faed2d7f854bebd569b3a4f9c492d.txt
Spartan6Redux_Bottom_jpg.rf.b9adef2b2718a03a365f48643c974772.jpg,Spartan6Redux_Bottom_jpg.rf.b9adef2b2718a03a365f48643c974772.txt
Spartan6Redux_Top_jpg.rf.2dd1298a51933d3c89f420b1601afe6f.jpg,Spartan6Redux_Top_jpg.rf.2dd1298a51933d3c89f420b1601afe6f.txt
Spartan6Redux_Top_jpg.rf.5019bf76b885c99b25275142a76bec82.jpg,Spartan6Redux_Top_jpg.rf.5019bf76b885c99b25275142a76bec82.txt
Spartan6Redux_Top_jpg.rf.e9b5910dbf2014c734cdccd90a7f7b5f.jpg,Spartan6Redux_Top_jpg.rf.e9b5910dbf2014c734cdccd90a7f7b5f.txt
Spartan6_Top_jpg.rf.4121921afb9f641ddc1d52bca66d6b29.jpg,Spartan6_Top_jpg.rf.4121921afb9f641ddc1d52bca66d6b29.txt
Spartan6_Top_jpg.rf.500e130f5f3c3a54d386e5581b6308b9.jpg,Spartan6_Top_jpg.rf.500e130f5f3c3a54d386e5581b6308b9.txt
Spartan6_Top_jpg.rf.cac233429da489a5c6612ad6a4515623.jpg,Spartan6_Top_jpg.rf.cac233429da489a5c6612ad6a4515623.txt
SystemAce_Bottom_jpg.rf.5af295c687420e53fadec913cff05510.jpg,SystemAce_Bottom_jpg.rf.5af295c687420e53fadec913cff05510.txt
SystemAce_Bottom_jpg.rf.757a9391aba7f0ae919e2047e15d4cff.jpg,SystemAce_Bottom_jpg.rf.757a9391aba7f0ae919e2047e15d4cff.txt
SystemAce_Bottom_jpg.rf.bcad321a8b9b55fe4a79abc1602bb196.jpg,SystemAce_Bottom_jpg.rf.bcad321a8b9b55fe4a79abc1602bb196.txt
ThingMagicM6e_jpg.rf.3344b326fd5f597559530fd54f92c0c8.jpg,ThingMagicM6e_jpg.rf.3344b326fd5f597559530fd54f92c0c8.txt
ThingMagicM6e_jpg.rf.a1b9e63bd9fb053edb22810c8bcd7d73.jpg,ThingMagicM6e_jpg.rf.a1b9e63bd9fb053edb22810c8bcd7d73.txt
ThingMagicM6e_jpg.rf.b2be2b7d12d94475381a2f5a35a39fa6.jpg,ThingMagicM6e_jpg.rf.b2be2b7d12d94475381a2f5a35a39fa6.txt
UTL-016_jpg.rf.b6e53dded3dce2f7489b358e5e566f06.jpg,UTL-016_jpg.rf.b6e53dded3dce2f7489b358e5e566f06.txt
UTL-016_jpg.rf.caffde4db7b847a9ce0605eb45ac12a3.jpg,UTL-016_jpg.rf.caffde4db7b847a9ce0605eb45ac12a3.txt
UTL-016_jpg.rf.daef84af2085ac6dcc990117cc533ada.jpg,UTL-016_jpg.rf.daef84af2085ac6dcc990117cc533ada.txt
UTL-103_jpg.rf.6bbe2cceaf53318fda88c8e26a66a362.jpg,UTL-103_jpg.rf.6bbe2cceaf53318fda88c8e26a66a362.txt
UTL-103_jpg.rf.dd6c01ffbca9d6edbea9221db3039fd1.jpg,UTL-103_jpg.rf.dd6c01ffbca9d6edbea9221db3039fd1.txt
UTL-103_jpg.rf.ef3cfe00f7bee86061fe41017651829f.jpg,UTL-103_jpg.rf.ef3cfe00f7bee86061fe41017651829f.txt
XCM-307A_Bottom_jpg.rf.0c10ecdc089bfcf26e149dc5d7a4e30d.jpg,XCM-307A_Bottom_jpg.rf.0c10ecdc089bfcf26e149dc5d7a4e30d.txt
XCM-307A_Bottom_jpg.rf.2a652def754459e82aa8909b0f6029c7.jpg,XCM-307A_Bottom_jpg.rf.2a652def754459e82aa8909b0f6029c7.txt
XCM-307A_Bottom_jpg.rf.37209ce1fe89bb7fb3255bcd5df95713.jpg,XCM-307A_Bottom_jpg.rf.37209ce1fe89bb7fb3255bcd5df95713.txt
XCM-307A_Top_jpg.rf.14af9da49f818c27c362dc2ce4fd5ef8.jpg,XCM-307A_Top_jpg.rf.14af9da49f818c27c362dc2ce4fd5ef8.txt
XCM-307A_Top_jpg.rf.25858aa2646296f20b12ed8e7a9a23c9.jpg,XCM-307A_Top_jpg.rf.25858aa2646296f20b12ed8e7a9a23c9.txt
XCM-307A_Top_jpg.rf.27b2adecabca270419fa7eeb32f8c96f.jpg,XCM-307A_Top_jpg.rf.27b2adecabca270419fa7eeb32f8c96f.txt
XLVDSproSupply_Bottom1_jpg.rf.396371d727a295916c5a813edd55fe75.jpg,XLVDSproSupply_Bottom1_jpg.rf.396371d727a295916c5a813edd55fe75.txt
XLVDSproSupply_Bottom1_jpg.rf.522093a0db619be59121ba2996c5a798.jpg,XLVDSproSupply_Bottom1_jpg.rf.522093a0db619be59121ba2996c5a798.txt
XLVDSproSupply_Bottom1_jpg.rf.c5208292dc1476d7bf16bf837c85234d.jpg,XLVDSproSupply_Bottom1_jpg.rf.c5208292dc1476d7bf16bf837c85234d.txt
XLVDSproSupply_Top1_jpg.rf.12c7298fcbd5005bcc45a6b9ad905402.jpg,XLVDSproSupply_Top1_jpg.rf.12c7298fcbd5005bcc45a6b9ad905402.txt
XLVDSproSupply_Top1_jpg.rf.166e44fce4062b4c19a5bc9e90e1816a.jpg,XLVDSproSupply_Top1_jpg.rf.166e44fce4062b4c19a5bc9e90e1816a.txt
XLVDSproSupply_Top1_jpg.rf.d10ab3ad87b267dd1a48310b169d56df.jpg,XLVDSproSupply_Top1_jpg.rf.d10ab3ad87b267dd1a48310b169d56df.txt
battery2_jpg.rf.b744ff714b1cb05b82ea1dfd21daf084.jpg,battery2_jpg.rf.b744ff714b1cb05b82ea1dfd21daf084.txt
battery2_jpg.rf.cda042da0794907c61ff92baea79581e.jpg,battery2_jpg.rf.cda042da0794907c61ff92baea79581e.txt
battery2_jpg.rf.ea1e492f887bbf87b2fe84838e9d6490.jpg,battery2_jpg.rf.ea1e492f887bbf87b2fe84838e9d6490.txt
battery3_jpg.rf.202b58a08248254f44f77845cb22f4ed.jpg,battery3_jpg.rf.202b58a08248254f44f77845cb22f4ed.txt
battery3_jpg.rf.dee070ff878dcc1e933754944c9a56a7.jpg,battery3_jpg.rf.dee070ff878dcc1e933754944c9a56a7.txt
battery3_jpg.rf.e0fa86826496c1b9ad6f1e2a32914849.jpg,battery3_jpg.rf.e0fa86826496c1b9ad6f1e2a32914849.txt
battery4_jpg.rf.0ad42d46d6b8cc24202cd78162f48e6c.jpg,battery4_jpg.rf.0ad42d46d6b8cc24202cd78162f48e6c.txt
battery4_jpg.rf.5c13a4309346019e5ddfbb82d4df7ebd.jpg,battery4_jpg.rf.5c13a4309346019e5ddfbb82d4df7ebd.txt
battery4_jpg.rf.828f0c50f0b6659282ffad176e73fa0a.jpg,battery4_jpg.rf.828f0c50f0b6659282ffad176e73fa0a.txt
battery5_jpg.rf.35fc4121c85945327d78ced979f81ef8.jpg,battery5_jpg.rf.35fc4121c85945327d78ced979f81ef8.txt
battery5_jpg.rf.658b561085a79404306c3cad283195a3.jpg,battery5_jpg.rf.658b561085a79404306c3cad283195a3.txt
battery5_jpg.rf.ce470359ad1e946cb6b5a96129fa7cde.jpg,battery5_jpg.rf.ce470359ad1e946cb6b5a96129fa7cde.txt
battery7_jpg.rf.02ab6f6db7f499c4aef0c29d0f737070.jpg,battery7_jpg.rf.02ab6f6db7f499c4aef0c29d0f737070.txt
battery7_jpg.rf.80140363a942cb3202975d56028de936.jpg,battery7_jpg.rf.80140363a942cb3202975d56028de936.txt
battery7_jpg.rf.8171e97813d8c79fe87d618fdbf1627e.jpg,battery7_jpg.rf.8171e97813d8c79fe87d618fdbf1627e.txt
clock10_jpg.rf.26f029bbd960bfe07ea02b86e6cbb26d.jpg,clock10_jpg.rf.26f029bbd960bfe07ea02b86e6cbb26d.txt
clock10_jpg.rf.cb026a3a5f0d29fa1ea1802c65028834.jpg,clock10_jpg.rf.cb026a3a5f0d29fa1ea1802c65028834.txt
clock10_jpg.rf.f67d950330526864e1aa384dc9305243.jpg,clock10_jpg.rf.f67d950330526864e1aa384dc9305243.txt
clock14_jpg.rf.5ce7ef7cf18fc2366b1704779db6d983.jpg,clock14_jpg.rf.5ce7ef7cf18fc2366b1704779db6d983.txt
clock14_jpg.rf.7f0a44d8468db1b5ba5bb30709bd9590.jpg,clock14_jpg.rf.7f0a44d8468db1b5ba5bb30709bd9590.txt
clock14_jpg.rf.8e885de3619c25e6f758bdac7ea75cca.jpg,clock14_jpg.rf.8e885de3619c25e6f758bdac7ea75cca.txt
clock18_jpg.rf.372021d9c5a7667302b7a46c8d4d0a32.jpg,clock18_jpg.rf.372021d9c5a7667302b7a46c8d4d0a32.txt
clock18_jpg.rf.6cd52d36711dd2c780f93d6cf47218c3.jpg,clock18_jpg.rf.6cd52d36711dd2c780f93d6cf47218c3.txt
clock18_jpg.rf.e9e6d21dea2927c52b62195717a699d9.jpg,clock18_jpg.rf.e9e6d21dea2927c52b62195717a699d9.txt
clock1_jpg.rf.3c35ab9c67d77fc85d9a8a2c34882d5f.jpg,clock1_jpg.rf.3c35ab9c67d77fc85d9a8a2c34882d5f.txt
clock1_jpg.rf.477b2caf364403b4bc5eeaa425bb3c93.jpg,clock1_jpg.rf.477b2caf364403b4bc5eeaa425bb3c93.txt
clock1_jpg.rf.8e95d0b12baf84109b1e5269a54d50a6.jpg,clock1_jpg.rf.8e95d0b12baf84109b1e5269a54d50a6.txt
clock20_jpg.rf.53f00e9ce062341922939980a989d989.jpg,clock20_jpg.rf.53f00e9ce062341922939980a989d989.txt
clock20_jpg.rf.c398a6c421e3e3b53786e2d63a8b02bb.jpg,clock20_jpg.rf.c398a6c421e3e3b53786e2d63a8b02bb.txt
clock20_jpg.rf.d6b146df1d24d919576604e6d59b273c.jpg,clock20_jpg.rf.d6b146df1d24d919576604e6d59b273c.txt
clock21_jpg.rf.618587cb5c523040060ff62e9c6267af.jpg,clock21_jpg.rf.618587cb5c523040060ff62e9c6267af.txt
clock21_jpg.rf.ff64d9b61785eb45ef974300972e9f96.jpg,clock21_jpg.rf.ff64d9b61785eb45ef974300972e9f96.txt
clock28_jpg.rf.02b57f78fd593772e64e3dd41959be3b.jpg,clock28_jpg.rf.02b57f78fd593772e64e3dd41959be3b.txt
clock28_jpg.rf.15cf73bdae049aa555ce179ed61e3350.jpg,clock28_jpg.rf.15cf73bdae049aa555ce179ed61e3350.txt
clock28_jpg.rf.2fb0ece9567e76593ec0441295bd6c74.jpg,clock28_jpg.rf.2fb0ece9567e76593ec0441295bd6c74.txt
clock2_jpg.rf.2bf5e6ad0e1f6ba4b70685e691c7b581.jpg,clock2_jpg.rf.2bf5e6ad0e1f6ba4b70685e691c7b581.txt
clock2_jpg.rf.3af94a5a43611376f955b7635f2b0faa.jpg,clock2_jpg.rf.3af94a5a43611376f955b7635f2b0faa.txt
clock2_jpg.rf.ba975d4bc78e654c3616300595815b5e.jpg,clock2_jpg.rf.ba975d4bc78e654c3616300595815b5e.txt
clock3_jpg.rf.0f976ebc7d7dff96392fdd7979069c59.jpg,clock3_jpg.rf.0f976ebc7d7dff96392fdd7979069c59.txt
clock3_jpg.rf.db0ff1745ec6ec0f2eb74a7bde09fd1a.jpg,clock3_jpg.rf.db0ff1745ec6ec0f2eb74a7bde09fd1a.txt
clock3_jpg.rf.e3b4d28cf25507f4c698a0367051eb1f.jpg,clock3_jpg.rf.e3b4d28cf25507f4c698a0367051eb1f.txt
clock4_jpg.rf.0db5db2f6945cd4401c3fb996f4fd801.jpg,clock4_jpg.rf.0db5db2f6945cd4401c3fb996f4fd801.txt
clock4_jpg.rf.67b7742b4485f539115ab98d4fb3d55a.jpg,clock4_jpg.rf.67b7742b4485f539115ab98d4fb3d55a.txt
clock4_jpg.rf.ed59db4702a14762c5ce7359ca4c5b7f.jpg,clock4_jpg.rf.ed59db4702a14762c5ce7359ca4c5b7f.txt
clock5_jpg.rf.1c8568853295e93131f9a7b91e14699f.jpg,clock5_jpg.rf.1c8568853295e93131f9a7b91e14699f.txt
clock5_jpg.rf.56713e804cd3e90a271ced0a49694f98.jpg,clock5_jpg.rf.56713e804cd3e90a271ced0a49694f98.txt
clock5_jpg.rf.7651a04156f1284d6be45c144b582267.jpg,clock5_jpg.rf.7651a04156f1284d6be45c144b582267.txt
clock6_jpg.rf.9d691e7bc68a9de1900d5ae32237fd9c.jpg,clock6_jpg.rf.9d691e7bc68a9de1900d5ae32237fd9c.txt
clock6_jpg.rf.b660b974ed203bcb8eff8a6c819e56a1.jpg,clock6_jpg.rf.b660b974ed203bcb8eff8a6c819e56a1.txt
clock6_jpg.rf.e921e9195a6ff7ab75120daaaba8f546.jpg,clock6_jpg.rf.e921e9195a6ff7ab75120daaaba8f546.txt
clock7_jpg.rf.97984bacaf11e8843c221b695be55ba5.jpg,clock7_jpg.rf.97984bacaf11e8843c221b695be55ba5.txt
clock7_jpg.rf.b5e365958738c424160f095ea503f37f.jpg,clock7_jpg.rf.b5e365958738c424160f095ea503f37f.txt
clock7_jpg.rf.d3d1623c59350868b0fed0e03a49f793.jpg,clock7_jpg.rf.d3d1623c59350868b0fed0e03a49f793.txt
inductor18_jpg.rf.06872ff5995c7810d5dc18602d25a576.jpg,inductor18_jpg.rf.06872ff5995c7810d5dc18602d25a576.txt
inductor18_jpg.rf.531a112b1d3c669fc412449bfd37b29d.jpg,inductor18_jpg.rf.531a112b1d3c669fc412449bfd37b29d.txt
inductor18_jpg.rf.6f148bc333c41aac6db237fc46f8c4be.jpg,inductor18_jpg.rf.6f148bc333c41aac6db237fc46f8c4be.txt
inductor19_jpg.rf.a837a4c8fac6beeddd77df0d07098811.jpg,inductor19_jpg.rf.a837a4c8fac6beeddd77df0d07098811.txt
inductor19_jpg.rf.bece7c54a62abdb93c1c441ed4d53ce7.jpg,inductor19_jpg.rf.bece7c54a62abdb93c1c441ed4d53ce7.txt
inductor19_jpg.rf.d039dd8e7bd51cac2fd2272108c3a430.jpg,inductor19_jpg.rf.d039dd8e7bd51cac2fd2272108c3a430.txt
inductor29_jpg.rf.984bd574259f4ec519d5fd665edbf8f7.jpg,inductor29_jpg.rf.984bd574259f4ec519d5fd665edbf8f7.txt
inductor29_jpg.rf.aebc1044bfb97817b7e9e17e68c1df09.jpg,inductor29_jpg.rf.aebc1044bfb97817b7e9e17e68c1df09.txt
inductor29_jpg.rf.b81b9c905d587948c62238fd809c3ae0.jpg,inductor29_jpg.rf.b81b9c905d587948c62238fd809c3ae0.txt
inductor3_jpg.rf.0ad8676003bebd04c3fadd6240733763.jpg,inductor3_jpg.rf.0ad8676003bebd04c3fadd6240733763.txt
inductor3_jpg.rf.14cabde538a7dc682ef86efb8b8c697a.jpg,inductor3_jpg.rf.14cabde538a7dc682ef86efb8b8c697a.txt
inductor3_jpg.rf.b5d524bb3dc02c1802ef03f64385c8cb.jpg,inductor3_jpg.rf.b5d524bb3dc02c1802ef03f64385c8cb.txt
inductor49_jpg.rf.1502c7e1adedeebd882357cf5fe2487a.jpg,inductor49_jpg.rf.1502c7e1adedeebd882357cf5fe2487a.txt
inductor49_jpg.rf.ca3715c9c8102a79299bdab46c702513.jpg,inductor49_jpg.rf.ca3715c9c8102a79299bdab46c702513.txt
inductor49_jpg.rf.d2b4593e3ed2cda0c7686c8a2a65eefa.jpg,inductor49_jpg.rf.d2b4593e3ed2cda0c7686c8a2a65eefa.txt
inductor57_jpg.rf.252b71e01f0dbbbc4fbc52502967b4eb.jpg,inductor57_jpg.rf.252b71e01f0dbbbc4fbc52502967b4eb.txt
inductor57_jpg.rf.a0b94f6ca2f93c3aa0dafc81767ed486.jpg,inductor57_jpg.rf.a0b94f6ca2f93c3aa0dafc81767ed486.txt
inductor57_jpg.rf.e15835bbbe2dc4f26ab77a47f9aa9838.jpg,inductor57_jpg.rf.e15835bbbe2dc4f26ab77a47f9aa9838.txt
inductor66_jpg.rf.6d78ff70df0fd5653b8982eb41cdbc9a.jpg,inductor66_jpg.rf.6d78ff70df0fd5653b8982eb41cdbc9a.txt
inductor66_jpg.rf.82a65c13e9bdf7176a260dc328b5deb7.jpg,inductor66_jpg.rf.82a65c13e9bdf7176a260dc328b5deb7.txt
inductor66_jpg.rf.ed342909a1c9f44396184f43cc32e819.jpg,inductor66_jpg.rf.ed342909a1c9f44396184f43cc32e819.txt
potentiometer11_jpg.rf.6389b390f18bad7685fc82fd0d0cfede.jpg,potentiometer11_jpg.rf.6389b390f18bad7685fc82fd0d0cfede.txt
potentiometer11_jpg.rf.bcb065d2a5cb09e28558ce857281f399.jpg,potentiometer11_jpg.rf.bcb065d2a5cb09e28558ce857281f399.txt
potentiometer11_jpg.rf.d643d7ec481ae84e3751b825928c80f1.jpg,potentiometer11_jpg.rf.d643d7ec481ae84e3751b825928c80f1.txt
potentiometer16_jpg.rf.37ec41b411196e84d78c7655fde611d9.jpg,potentiometer16_jpg.rf.37ec41b411196e84d78c7655fde611d9.txt
potentiometer16_jpg.rf.42367e345a39ce8ab358c164316b6bca.jpg,potentiometer16_jpg.rf.42367e345a39ce8ab358c164316b6bca.txt
potentiometer16_jpg.rf.659dd66e5a5fa0b7442bfe0e37fbdec9.jpg,potentiometer16_jpg.rf.659dd66e5a5fa0b7442bfe0e37fbdec9.txt
potentiometer1_jpg.rf.46a44faa0946984353ed8659e41cb8d7.jpg,potentiometer1_jpg.rf.46a44faa0946984353ed8659e41cb8d7.txt
potentiometer1_jpg.rf.64126c765fc4a0a2e460652cc45c4461.jpg,potentiometer1_jpg.rf.64126c765fc4a0a2e460652cc45c4461.txt
potentiometer1_jpg.rf.c4e6a685f6ea8d9000199dfb514c1bd1.jpg,potentiometer1_jpg.rf.c4e6a685f6ea8d9000199dfb514c1bd1.txt
potentiometer20_jpg.rf.054a147edc5ba616654f07b9f25bad37.jpg,potentiometer20_jpg.rf.054a147edc5ba616654f07b9f25bad37.txt
potentiometer20_jpg.rf.0fb34ac68f42a2eaf282daa114fd5dab.jpg,potentiometer20_jpg.rf.0fb34ac68f42a2eaf282daa114fd5dab.txt
potentiometer20_jpg.rf.3d3ddb25256cb4e3d39bffb2380acf33.jpg,potentiometer20_jpg.rf.3d3ddb25256cb4e3d39bffb2380acf33.txt
potentiometer5_jpg.rf.1f541ecd0d4166c0a34921103d746387.jpg,potentiometer5_jpg.rf.1f541ecd0d4166c0a34921103d746387.txt
potentiometer5_jpg.rf.ae9f0e4614dbc2b1c29659547dd2421d.jpg,potentiometer5_jpg.rf.ae9f0e4614dbc2b1c29659547dd2421d.txt
potentiometer5_jpg.rf.fe842cb992882f257c4988478e7e6255.jpg,potentiometer5_jpg.rf.fe842cb992882f257c4988478e7e6255.txt
transistor33_jpg.rf.1f0d1e7cefd45b2aceea7a5f1b50f438.jpg,transistor33_jpg.rf.1f0d1e7cefd45b2aceea7a5f1b50f438.txt
transistor33_jpg.rf.dafae47ffa156cd8152a658c8c5f2d75.jpg,transistor33_jpg.rf.dafae47ffa156cd8152a658c8c5f2d75.txt
transistor33_jpg.rf.ecf08a514ae15f2417921d227c5dbf56.jpg,transistor33_jpg.rf.ecf08a514ae15f2417921d227c5dbf56.txt
transistor49_jpg.rf.4b1e47e99fc7714306e1a0a0088a1324.jpg,transistor49_jpg.rf.4b1e47e99fc7714306e1a0a0088a1324.txt
transistor49_jpg.rf.9ebea9b04c17f4955f7d52e542c776c2.jpg,transistor49_jpg.rf.9ebea9b04c17f4955f7d52e542c776c2.txt
transistor49_jpg.rf.e180f2ac0571ff9cc5d97640737e5c8a.jpg,transistor49_jpg.rf.e180f2ac0571ff9cc5d97640737e5c8a.txt
transistor51_jpg.rf.0738109047fdfd8827a712adbdf4b9fc.jpg,transistor51_jpg.rf.0738109047fdfd8827a712adbdf4b9fc.txt
transistor51_jpg.rf.5f72302fa98a76cbe2a3f2271af7172d.jpg,transistor51_jpg.rf.5f72302fa98a76cbe2a3f2271af7172d.txt
transistor51_jpg.rf.d6be1c1e79b2e466afb4241d0d7f38a0.jpg,transistor51_jpg.rf.d6be1c1e79b2e466afb4241d0d7f38a0.txt
transistor54_jpg.rf.134e7504c1a4723c6a017a4cc39ce6c7.jpg,transistor54_jpg.rf.134e7504c1a4723c6a017a4cc39ce6c7.txt
transistor54_jpg.rf.4ec713c4ab9bdf9d2721fb7e3f7a6a3a.jpg,transistor54_jpg.rf.4ec713c4ab9bdf9d2721fb7e3f7a6a3a.txt
transistor54_jpg.rf.a71810315e4b8f80b6da6fca323f1b44.jpg,transistor54_jpg.rf.a71810315e4b8f80b6da6fca323f1b44.txt
transistor56_jpg.rf.2044865af61155a18c2bc14e088d0593.jpg,transistor56_jpg.rf.2044865af61155a18c2bc14e088d0593.txt
transistor56_jpg.rf.b1863299bf88f9c8942fa25f93c1a59c.jpg,transistor56_jpg.rf.b1863299bf88f9c8942fa25f93c1a59c.txt
transistor56_jpg.rf.c9e27668694ac88dedb0740e76cdb5ae.jpg,transistor56_jpg.rf.c9e27668694ac88dedb0740e76cdb5ae.txt
transistor61_jpg.rf.44de542028ac0686b8a0645dae58157f.jpg,transistor61_jpg.rf.44de542028ac0686b8a0645dae58157f.txt
transistor61_jpg.rf.8473ef674715ba6f28017238138189ff.jpg,transistor61_jpg.rf.8473ef674715ba6f28017238138189ff.txt
transistor61_jpg.rf.e5b6c19559580e70c328950eaab7dbf2.jpg,transistor61_jpg.rf.e5b6c19559580e70c328950eaab7dbf2.txt
transistor70_jpg.rf.0dfec12b47f5c430a35cff18a4ab00b5.jpg,transistor70_jpg.rf.0dfec12b47f5c430a35cff18a4ab00b5.txt
transistor70_jpg.rf.959ec5e11f19be69bf29c317c0657f60.jpg,transistor70_jpg.rf.959ec5e11f19be69bf29c317c0657f60.txt
transistor70_jpg.rf.e9d247def40d52e59fc789c7d6c5e2da.jpg,transistor70_jpg.rf.e9d247def40d52e59fc789c7d6c5e2da.txt
